timestamp,%usr,%nice,%sys,%iowait,%irq,%soft,%steal,%guest,%gnice,%idle
2022-08-25T19:54:49,5.85,0.00,2.20,1.46,0.00,0.11,0.00,0.00,0.00,90.38
2022-08-25T19:54:50,3.97,0.00,2.94,0.69,0.00,0.23,0.00,0.00,0.00,92.18
2022-08-25T19:54:51,3.39,0.00,1.51,0.78,0.00,0.15,0.00,0.00,0.00,94.17
2022-08-25T19:54:52,4.41,0.00,3.55,0.53,0.00,0.14,0.00,0.00,0.00,91.38
2022-08-25T19:54:53,2.19,0.00,1.54,0.30,0.00,0.03,0.00,0.00,0.00,95.94
2022-08-25T19:54:54,4.22,0.00,4.35,0.04,0.00,0.20,0.00,0.00,0.00,91.19
2022-08-25T19:54:55,7.53,0.00,4.49,0.13,0.00,0.36,0.00,0.00,0.00,87.50
2022-08-25T19:54:56,5.32,0.00,2.70,0.69,0.00,0.13,0.00,0.00,0.00,91.17
2022-08-25T19:54:57,2.43,0.00,4.50,0.00,0.00,0.10,0.00,0.00,0.00,92.97
2022-08-25T19:54:58,1.77,0.00,2.53,0.39,0.00,0.04,0.00,0.00,0.00,95.28
2022-08-25T19:54:59,0.46,0.00,1.89,6.18,0.00,0.06,0.00,0.00,0.00,91.40
2022-08-25T19:55:00,0.18,0.00,0.22,90.12,0.00,0.01,0.00,0.00,0.00,9.47
2022-08-25T19:55:01,0.58,0.00,1.01,12.13,0.00,0.00,0.00,0.00,0.00,86.28
2022-08-25T19:55:02,0.79,0.00,1.39,14.01,0.00,0.01,0.00,0.00,0.00,83.80
2022-08-25T19:55:03,0.45,0.00,1.00,15.92,0.00,0.00,0.00,0.00,0.00,82.63
2022-08-25T19:55:04,6.74,0.00,5.47,4.41,0.00,0.20,0.00,0.00,0.00,83.18
2022-08-25T19:55:05,8.29,0.00,4.58,0.11,0.00,0.11,0.00,0.00,0.00,86.91
2022-08-25T19:55:06,8.17,0.00,4.25,0.01,0.00,0.03,0.00,0.00,0.00,87.54
2022-08-25T19:55:07,18.18,0.00,4.19,0.00,0.00,0.19,0.00,0.00,0.00,77.44
2022-08-25T19:55:08,11.37,0.00,2.60,0.61,0.00,0.08,0.00,0.00,0.00,85.34
2022-08-25T19:55:09,7.22,0.00,6.22,2.75,0.00,0.16,0.00,0.00,0.00,83.65
2022-08-25T19:55:10,7.12,0.00,3.35,0.30,0.00,0.09,0.00,0.00,0.00,89.14
2022-08-25T19:55:11,10.54,0.00,2.25,0.30,0.00,0.16,0.00,0.00,0.00,86.75
2022-08-25T19:55:12,6.60,0.00,6.73,2.98,0.00,0.16,0.00,0.00,0.00,83.53
2022-08-25T19:55:13,11.12,0.00,2.21,0.01,0.00,0.40,0.00,0.00,0.00,86.25
2022-08-25T19:55:14,9.27,0.00,3.37,0.62,0.00,0.40,0.00,0.00,0.00,86.34
2022-08-25T19:55:15,11.12,0.00,5.01,0.44,0.00,0.19,0.00,0.00,0.00,83.25
2022-08-25T19:55:16,11.58,0.00,1.54,0.04,0.00,0.15,0.00,0.00,0.00,86.70
2022-08-25T19:55:17,10.03,0.00,4.76,0.48,0.00,0.15,0.00,0.00,0.00,84.58
2022-08-25T19:55:18,12.99,0.00,1.90,0.00,0.00,0.19,0.00,0.00,0.00,84.92
2022-08-25T19:55:19,9.82,0.00,3.67,0.25,0.00,0.41,0.00,0.00,0.00,85.84
2022-08-25T19:55:20,13.36,0.00,4.15,0.08,0.00,0.23,0.00,0.00,0.00,82.19
2022-08-25T19:55:21,10.25,0.00,3.23,0.32,0.00,0.11,0.00,0.00,0.00,86.08
2022-08-25T19:55:22,11.22,0.00,4.40,0.02,0.00,0.10,0.00,0.00,0.00,84.26
2022-08-25T19:55:23,11.51,0.00,1.60,0.00,0.00,0.36,0.00,0.00,0.00,86.53
2022-08-25T19:55:24,9.68,0.00,3.47,0.00,0.00,0.45,0.00,0.00,0.00,86.40
2022-08-25T19:55:25,12.21,0.00,3.86,0.07,0.00,0.22,0.00,0.00,0.00,83.63
2022-08-25T19:55:26,9.30,0.00,3.75,0.00,0.00,0.24,0.00,0.00,0.00,86.71
2022-08-25T19:55:27,11.67,0.00,1.92,0.00,0.00,0.04,0.00,0.00,0.00,86.38
2022-08-25T19:55:28,9.97,0.00,5.94,0.04,0.00,0.20,0.00,0.00,0.00,83.85
2022-08-25T19:55:29,11.69,0.00,1.98,0.00,0.00,0.14,0.00,0.00,0.00,86.19
2022-08-25T19:55:30,10.78,0.00,5.41,0.06,0.00,0.10,0.00,0.00,0.00,83.65
2022-08-25T19:55:31,11.34,0.00,2.09,0.09,0.00,0.11,0.00,0.00,0.00,86.37
2022-08-25T19:55:32,9.45,0.00,3.68,0.19,0.00,0.32,0.00,0.00,0.00,86.36
2022-08-25T19:55:33,11.97,0.00,3.94,0.02,0.00,0.22,0.00,0.00,0.00,83.84
2022-08-25T19:55:34,7.52,0.00,2.28,3.49,0.00,0.16,0.00,0.00,0.00,86.55
2022-08-25T19:55:35,3.13,0.00,1.54,8.34,0.00,0.10,0.00,0.00,0.00,86.90
2022-08-25T19:55:36,4.16,0.00,1.85,6.69,0.00,0.16,0.00,0.00,0.00,87.14
2022-08-25T19:55:37,4.19,0.00,1.29,6.75,0.00,0.03,0.00,0.00,0.00,87.75
2022-08-25T19:55:38,4.95,0.00,1.26,6.05,0.00,0.00,0.00,0.00,0.00,87.73
2022-08-25T19:55:39,6.79,0.00,1.73,4.55,0.00,0.04,0.00,0.00,0.00,86.90
2022-08-25T19:55:40,12.08,0.00,3.75,0.01,0.00,0.12,0.00,0.00,0.00,84.03
2022-08-25T19:55:41,9.45,0.00,3.83,0.07,0.00,0.45,0.00,0.00,0.00,86.20
2022-08-25T19:55:42,11.02,0.00,2.42,0.00,0.00,0.10,0.00,0.00,0.00,86.47
2022-08-25T19:55:43,11.09,0.00,4.78,0.05,0.00,0.14,0.00,0.00,0.00,83.94
2022-08-25T19:55:44,11.34,0.00,2.26,0.00,0.00,0.11,0.00,0.00,0.00,86.29
2022-08-25T19:55:45,10.63,0.00,4.07,0.00,0.00,0.22,0.00,0.00,0.00,85.08
2022-08-25T19:55:46,10.83,0.00,2.83,0.06,0.00,0.16,0.00,0.00,0.00,86.11
2022-08-25T19:55:47,10.98,0.00,2.19,0.00,0.00,0.04,0.00,0.00,0.00,86.79
2022-08-25T19:55:48,11.59,0.00,5.84,0.01,0.00,0.15,0.00,0.00,0.00,82.41
2022-08-25T19:55:49,11.65,0.00,1.87,0.00,0.00,0.14,0.00,0.00,0.00,86.34
2022-08-25T19:55:50,9.77,0.00,3.56,0.02,0.00,0.46,0.00,0.00,0.00,86.18
2022-08-25T19:55:51,12.12,0.00,3.96,0.06,0.00,0.29,0.00,0.00,0.00,83.57
2022-08-25T19:55:52,9.44,0.00,3.56,0.00,0.00,0.12,0.00,0.00,0.00,86.88
2022-08-25T19:55:53,11.82,0.00,3.71,0.00,0.00,0.04,0.00,0.00,0.00,84.44
2022-08-25T19:55:54,9.74,0.00,3.34,0.01,0.00,0.06,0.00,0.00,0.00,86.85
2022-08-25T19:55:55,10.74,0.00,2.65,0.00,0.00,0.02,0.00,0.00,0.00,86.59
2022-08-25T19:55:56,11.60,0.00,3.70,0.06,0.00,0.18,0.00,0.00,0.00,84.46
2022-08-25T19:55:57,10.13,0.00,3.12,0.00,0.00,0.12,0.00,0.00,0.00,86.62
2022-08-25T19:55:58,12.75,0.00,3.90,0.01,0.00,0.09,0.00,0.00,0.00,83.25
2022-08-25T19:55:59,9.50,0.00,3.62,0.00,0.00,0.09,0.00,0.00,0.00,86.80
2022-08-25T19:56:00,11.47,0.00,2.25,0.00,0.00,0.10,0.00,0.00,0.00,86.18
2022-08-25T19:56:01,10.65,0.00,5.15,0.18,0.00,0.20,0.00,0.00,0.00,83.82
2022-08-25T19:56:02,11.37,0.00,2.19,0.09,0.00,0.09,0.00,0.00,0.00,86.26
2022-08-25T19:56:03,10.19,0.00,2.98,0.00,0.00,0.05,0.00,0.00,0.00,86.78
2022-08-25T19:56:04,11.85,0.00,3.98,0.03,0.00,0.20,0.00,0.00,0.00,83.95
2022-08-25T19:56:05,10.38,0.00,2.73,0.00,0.00,0.26,0.00,0.00,0.00,86.63
2022-08-25T19:56:06,11.61,0.00,4.66,0.08,0.00,0.20,0.00,0.00,0.00,83.46
2022-08-25T19:56:07,10.44,0.00,2.95,0.12,0.00,0.19,0.00,0.00,0.00,86.30
2022-08-25T19:56:08,10.77,0.00,2.67,0.00,0.00,0.20,0.00,0.00,0.00,86.36
2022-08-25T19:56:09,11.30,0.00,5.55,0.10,0.00,0.17,0.00,0.00,0.00,82.88
2022-08-25T19:56:10,9.89,0.00,2.16,1.20,0.00,0.16,0.00,0.00,0.00,86.59
2022-08-25T19:56:11,9.13,0.00,3.50,1.07,0.00,0.36,0.00,0.00,0.00,85.93
2022-08-25T19:56:12,10.38,0.00,2.10,1.06,0.00,0.15,0.00,0.00,0.00,86.31
2022-08-25T19:56:13,8.85,0.00,3.02,1.15,0.00,0.12,0.00,0.00,0.00,86.85
2022-08-25T19:56:14,10.03,0.00,1.21,2.20,0.00,0.11,0.00,0.00,0.00,86.45
2022-08-25T19:56:15,9.45,0.00,3.54,0.30,0.00,0.16,0.00,0.00,0.00,86.54
2022-08-25T19:56:16,12.19,0.00,3.88,0.07,0.00,0.42,0.00,0.00,0.00,83.44
2022-08-25T19:56:17,9.26,0.00,3.55,0.00,0.00,0.37,0.00,0.00,0.00,86.82
2022-08-25T19:56:18,11.58,0.00,2.33,0.01,0.00,0.39,0.00,0.00,0.00,85.70
2022-08-25T19:56:19,10.48,0.00,5.32,0.00,0.00,0.34,0.00,0.00,0.00,83.87
2022-08-25T19:56:20,11.27,0.00,2.32,0.00,0.00,0.19,0.00,0.00,0.00,86.22
2022-08-25T19:56:21,11.19,0.00,5.51,0.08,0.00,0.13,0.00,0.00,0.00,83.10
2022-08-25T19:56:22,11.14,0.00,2.61,0.00,0.00,0.16,0.00,0.00,0.00,86.10
2022-08-25T19:56:23,9.86,0.00,3.15,0.00,0.00,0.06,0.00,0.00,0.00,86.92
2022-08-25T19:56:24,11.60,0.00,4.74,0.01,0.00,0.25,0.00,0.00,0.00,83.39
2022-08-25T19:56:25,11.61,0.00,1.66,0.00,0.00,0.06,0.00,0.00,0.00,86.66
2022-08-25T19:56:26,10.68,0.00,5.36,0.07,0.00,0.15,0.00,0.00,0.00,83.73
2022-08-25T19:56:27,11.22,0.00,2.56,0.16,0.00,0.07,0.00,0.00,0.00,85.97
2022-08-25T19:56:28,10.64,0.00,2.70,0.00,0.00,0.05,0.00,0.00,0.00,86.61
2022-08-25T19:56:29,10.97,0.00,4.90,0.00,0.00,0.35,0.00,0.00,0.00,83.78
2022-08-25T19:56:30,10.36,0.00,2.72,0.00,0.00,0.39,0.00,0.00,0.00,86.53
2022-08-25T19:56:31,10.95,0.00,2.44,0.06,0.00,0.37,0.00,0.00,0.00,86.17
2022-08-25T19:56:32,10.82,0.00,5.96,0.00,0.00,0.20,0.00,0.00,0.00,83.02
2022-08-25T19:56:33,11.65,0.00,1.87,0.00,0.00,0.41,0.00,0.00,0.00,86.06
2022-08-25T19:56:34,10.00,0.00,5.19,0.01,0.00,0.31,0.00,0.00,0.00,84.49
2022-08-25T19:56:35,11.55,0.00,2.09,0.00,0.00,0.37,0.00,0.00,0.00,85.99
2022-08-25T19:56:36,9.46,0.00,3.71,0.06,0.00,0.34,0.00,0.00,0.00,86.43
2022-08-25T19:56:37,12.43,0.00,3.82,0.01,0.00,0.02,0.00,0.00,0.00,83.72
2022-08-25T19:56:38,9.55,0.00,3.49,0.00,0.00,0.07,0.00,0.00,0.00,86.89
2022-08-25T19:56:39,12.12,0.00,3.99,0.01,0.00,0.08,0.00,0.00,0.00,83.80
2022-08-25T19:56:40,9.81,0.00,3.25,0.00,0.00,0.11,0.00,0.00,0.00,86.83
2022-08-25T19:56:41,10.84,0.00,2.55,0.08,0.00,0.06,0.00,0.00,0.00,86.47
2022-08-25T19:56:42,11.03,0.00,5.03,0.16,0.00,0.41,0.00,0.00,0.00,83.36
2022-08-25T19:56:43,10.31,0.00,2.77,0.00,0.00,0.92,0.00,0.00,0.00,86.01
2022-08-25T19:56:44,11.05,0.00,2.73,0.01,0.00,0.51,0.00,0.00,0.00,85.70
2022-08-25T19:56:45,10.63,0.00,4.61,0.72,0.00,0.46,0.00,0.00,0.00,83.58
2022-08-25T19:56:46,9.71,0.00,2.55,1.17,0.00,0.44,0.00,0.00,0.00,86.13
2022-08-25T19:56:47,9.39,0.00,3.09,0.93,0.00,0.65,0.00,0.00,0.00,85.94
2022-08-25T19:56:48,9.63,0.00,2.51,1.17,0.00,0.53,0.00,0.00,0.00,86.16
2022-08-25T19:56:49,9.27,0.00,2.73,1.19,0.00,0.54,0.00,0.00,0.00,86.27
2022-08-25T19:56:50,9.47,0.00,2.08,1.58,0.00,0.36,0.00,0.00,0.00,86.50
2022-08-25T19:56:51,10.83,0.00,1.69,0.00,0.00,0.36,0.00,0.00,0.00,87.12
2022-08-25T19:56:52,10.84,0.00,3.17,0.05,0.00,0.40,0.00,0.00,0.00,85.55
2022-08-25T19:56:53,9.78,0.00,2.21,0.00,0.00,0.52,0.00,0.00,0.00,87.49
2022-08-25T19:56:54,11.81,0.00,1.98,0.00,0.00,0.35,0.00,0.00,0.00,85.86
2022-08-25T19:56:55,9.39,0.00,2.34,0.00,0.00,0.56,0.00,0.00,0.00,87.71
2022-08-25T19:56:56,11.22,0.00,1.15,0.00,0.00,0.35,0.00,0.00,0.00,87.28
2022-08-25T19:56:57,9.94,0.00,4.40,0.02,0.00,0.37,0.00,0.00,0.00,85.26
2022-08-25T19:56:58,11.25,0.00,1.08,0.00,0.00,0.34,0.00,0.00,0.00,87.33
2022-08-25T19:56:59,9.42,0.00,2.50,0.00,0.00,0.41,0.00,0.00,0.00,87.67
2022-08-25T19:57:00,11.72,0.00,2.91,0.01,0.00,0.25,0.00,0.00,0.00,85.12
2022-08-25T19:57:01,9.36,0.00,2.64,0.00,0.00,0.46,0.00,0.00,0.00,87.54
2022-08-25T19:57:02,12.29,0.00,2.70,0.05,0.00,0.14,0.00,0.00,0.00,84.82
2022-08-25T19:57:03,8.92,0.00,3.01,0.00,0.00,0.02,0.00,0.00,0.00,88.04
2022-08-25T19:57:04,11.09,0.00,1.11,0.00,0.00,0.13,0.00,0.00,0.00,87.67
2022-08-25T19:57:05,10.20,0.00,3.53,0.01,0.00,0.09,0.00,0.00,0.00,86.16
2022-08-25T19:57:06,11.08,0.00,1.28,0.00,0.00,0.13,0.00,0.00,0.00,87.52
2022-08-25T19:57:07,10.69,0.00,3.94,0.01,0.00,0.20,0.00,0.00,0.00,85.15
2022-08-25T19:57:08,11.05,0.00,1.20,0.00,0.00,0.15,0.00,0.00,0.00,87.60
2022-08-25T19:57:09,9.46,0.00,2.33,0.00,0.00,0.27,0.00,0.00,0.00,87.93
2022-08-25T19:57:10,12.36,0.00,3.41,0.00,0.00,0.14,0.00,0.00,0.00,84.09
2022-08-25T19:57:11,9.56,0.00,2.36,0.00,0.00,0.04,0.00,0.00,0.00,88.03
2022-08-25T19:57:12,12.10,0.00,3.39,0.03,0.00,0.15,0.00,0.00,0.00,84.34
2022-08-25T19:57:13,9.72,0.00,2.19,0.00,0.00,0.05,0.00,0.00,0.00,88.04
2022-08-25T19:57:14,10.93,0.00,1.31,0.00,0.00,0.22,0.00,0.00,0.00,87.53
2022-08-25T19:57:15,10.62,0.00,3.30,0.01,0.00,0.10,0.00,0.00,0.00,85.96
2022-08-25T19:57:16,9.96,0.00,1.93,0.00,0.00,0.09,0.00,0.00,0.00,88.03
2022-08-25T19:57:17,11.96,0.00,4.19,0.01,0.00,0.11,0.00,0.00,0.00,83.72
2022-08-25T19:57:18,9.90,0.00,2.01,0.01,0.00,0.10,0.00,0.00,0.00,87.98
2022-08-25T19:57:19,11.27,0.00,0.91,0.00,0.00,0.21,0.00,0.00,0.00,87.60
2022-08-25T19:57:20,10.30,0.00,4.31,0.20,0.00,0.24,0.00,0.00,0.00,84.95
2022-08-25T19:57:21,10.14,0.00,1.02,1.24,0.00,0.05,0.00,0.00,0.00,87.55
2022-08-25T19:57:22,1.29,0.00,1.35,9.10,0.00,0.04,0.00,0.00,0.00,88.22
2022-08-25T19:57:23,1.58,0.00,1.31,8.73,0.00,0.04,0.00,0.00,0.00,88.35
2022-08-25T19:57:24,1.95,0.00,1.49,8.19,0.00,0.03,0.00,0.00,0.00,88.34
2022-08-25T19:57:25,2.10,0.00,1.28,8.19,0.00,0.05,0.00,0.00,0.00,88.38
2022-08-25T19:57:26,5.76,0.00,4.49,1.69,0.00,0.10,0.00,0.00,0.00,87.96
2022-08-25T19:57:27,8.18,0.00,6.13,0.00,0.00,0.09,0.00,0.00,0.00,85.60
2022-08-25T19:57:28,7.25,0.00,4.88,0.00,0.00,0.15,0.00,0.00,0.00,87.72
2022-08-25T19:57:29,7.35,0.00,5.01,0.00,0.00,0.06,0.00,0.00,0.00,87.58
2022-08-25T19:57:30,9.49,0.00,8.23,0.00,0.00,0.12,0.00,0.00,0.00,82.16
2022-08-25T19:57:31,7.37,0.00,4.84,0.00,0.00,0.05,0.00,0.00,0.00,87.74
2022-08-25T19:57:32,8.29,0.00,6.58,0.03,0.00,0.18,0.00,0.00,0.00,84.94
2022-08-25T19:57:33,7.42,0.00,4.91,0.04,0.00,0.06,0.00,0.00,0.00,87.56
2022-08-25T19:57:34,6.87,0.00,5.44,0.00,0.00,0.05,0.00,0.00,0.00,87.64
2022-08-25T19:57:35,8.26,0.00,6.24,0.00,0.00,0.26,0.00,0.00,0.00,85.24
2022-08-25T19:57:36,7.67,0.00,4.47,0.00,0.00,0.10,0.00,0.00,0.00,87.75
2022-08-25T19:57:37,8.38,0.00,5.65,0.01,0.00,0.10,0.00,0.00,0.00,85.85
2022-08-25T19:57:38,8.08,0.00,4.15,0.01,0.00,0.09,0.00,0.00,0.00,87.67
2022-08-25T19:57:39,8.02,0.00,4.06,0.00,0.00,0.05,0.00,0.00,0.00,87.87
2022-08-25T19:57:40,8.51,0.00,4.41,0.01,0.00,0.10,0.00,0.00,0.00,86.97
2022-08-25T19:57:41,8.24,0.00,3.86,0.01,0.00,0.09,0.00,0.00,0.00,87.80
2022-08-25T19:57:42,9.16,0.00,4.24,0.01,0.00,0.06,0.00,0.00,0.00,86.53
2022-08-25T19:57:43,8.83,0.00,4.16,0.00,0.00,0.11,0.00,0.00,0.00,86.90
2022-08-25T19:57:44,8.29,0.00,3.79,0.00,0.00,0.37,0.00,0.00,0.00,87.54
2022-08-25T19:57:45,9.11,0.00,5.18,0.01,0.00,0.19,0.00,0.00,0.00,85.52
2022-08-25T19:57:46,8.70,0.00,3.38,0.00,0.00,0.06,0.00,0.00,0.00,87.86
2022-08-25T19:57:47,9.05,0.00,3.05,0.01,0.00,0.05,0.00,0.00,0.00,87.84
2022-08-25T19:57:48,10.18,0.00,2.72,0.01,0.00,0.16,0.00,0.00,0.00,86.92
2022-08-25T19:57:49,9.83,0.00,1.98,0.00,0.00,0.06,0.00,0.00,0.00,88.13
2022-08-25T19:57:50,10.84,0.00,2.97,0.02,0.00,0.14,0.00,0.00,0.00,86.03
2022-08-25T19:57:51,10.00,0.00,2.04,0.00,0.00,0.09,0.00,0.00,0.00,87.87
2022-08-25T19:57:52,9.83,0.00,1.98,0.00,0.00,0.09,0.00,0.00,0.00,88.11
2022-08-25T19:57:53,10.81,0.00,3.66,0.00,0.00,0.06,0.00,0.00,0.00,85.47
2022-08-25T19:57:54,9.78,0.00,2.04,0.00,0.00,0.08,0.00,0.00,0.00,88.10
2022-08-25T19:57:55,10.66,0.00,3.85,0.00,0.00,0.06,0.00,0.00,0.00,85.42
2022-08-25T19:57:56,9.09,0.00,1.81,0.91,0.00,0.11,0.00,0.00,0.00,88.08
2022-08-25T19:57:57,8.32,0.00,1.48,1.88,0.00,0.04,0.00,0.00,0.00,88.29
2022-08-25T19:57:58,9.89,0.00,1.02,1.04,0.00,0.12,0.00,0.00,0.00,87.92
2022-08-25T19:57:59,9.64,0.00,0.82,1.16,0.00,0.06,0.00,0.00,0.00,88.32
2022-08-25T19:58:00,8.38,0.00,1.51,1.70,0.00,0.06,0.00,0.00,0.00,88.35
2022-08-25T19:58:01,9.81,0.00,1.43,0.83,0.00,0.09,0.00,0.00,0.00,87.85
2022-08-25T19:58:02,12.54,0.00,2.31,0.00,0.00,0.06,0.00,0.00,0.00,85.08
2022-08-25T19:58:03,9.12,0.00,2.73,0.00,0.00,0.04,0.00,0.00,0.00,88.11
2022-08-25T19:58:04,11.27,0.00,0.79,0.00,0.00,0.04,0.00,0.00,0.00,87.90
2022-08-25T19:58:05,9.68,0.00,3.24,0.01,0.00,0.27,0.00,0.00,0.00,86.78
2022-08-25T19:58:06,10.99,0.00,1.18,0.00,0.00,0.04,0.00,0.00,0.00,87.79
2022-08-25T19:58:07,9.68,0.00,2.34,0.00,0.00,0.06,0.00,0.00,0.00,87.92
2022-08-25T19:58:08,11.71,0.00,2.88,0.01,0.00,0.13,0.00,0.00,0.00,85.27
2022-08-25T19:58:09,9.73,0.00,2.18,0.00,0.00,0.06,0.00,0.00,0.00,88.03
2022-08-25T19:58:10,12.14,0.00,3.12,0.01,0.00,0.06,0.00,0.00,0.00,84.67
2022-08-25T19:58:11,9.62,0.00,2.33,0.00,0.00,0.06,0.00,0.00,0.00,88.00
2022-08-25T19:58:12,11.19,0.00,1.14,0.00,0.00,0.09,0.00,0.00,0.00,87.58
2022-08-25T19:58:13,10.04,0.00,3.81,0.01,0.00,0.15,0.00,0.00,0.00,85.98
2022-08-25T19:58:14,11.24,0.00,1.09,0.00,0.00,0.07,0.00,0.00,0.00,87.60
2022-08-25T19:58:15,10.68,0.00,4.60,0.01,0.00,0.11,0.00,0.00,0.00,84.59
2022-08-25T19:58:16,11.29,0.00,0.98,0.00,0.00,0.09,0.00,0.00,0.00,87.65
2022-08-25T19:58:17,9.47,0.00,2.35,0.01,0.00,0.05,0.00,0.00,0.00,88.12
2022-08-25T19:58:18,13.32,0.00,3.96,0.01,0.00,0.11,0.00,0.00,0.00,82.60
2022-08-25T19:58:19,9.68,0.00,2.06,0.00,0.00,0.14,0.00,0.00,0.00,88.12
2022-08-25T19:58:20,12.78,0.00,2.98,0.00,0.00,0.19,0.00,0.00,0.00,84.06
2022-08-25T19:58:21,9.95,0.00,2.08,0.00,0.00,0.11,0.00,0.00,0.00,87.85
2022-08-25T19:58:22,11.26,0.00,0.97,0.00,0.00,0.10,0.00,0.00,0.00,87.67
2022-08-25T19:58:23,10.08,0.00,4.34,0.01,0.00,0.10,0.00,0.00,0.00,85.46
2022-08-25T19:58:24,11.13,0.00,1.02,0.00,0.00,0.07,0.00,0.00,0.00,87.77
2022-08-25T19:58:25,11.25,0.00,5.60,0.01,0.00,0.11,0.00,0.00,0.00,83.03
2022-08-25T19:58:26,10.93,0.00,1.20,0.00,0.00,0.14,0.00,0.00,0.00,87.74
2022-08-25T19:58:27,9.54,0.00,2.19,0.00,0.00,0.13,0.00,0.00,0.00,88.15
2022-08-25T19:58:28,11.32,0.00,2.93,0.01,0.00,0.14,0.00,0.00,0.00,85.61
2022-08-25T19:58:29,10.44,0.00,1.66,0.00,0.00,0.07,0.00,0.00,0.00,87.83
2022-08-25T19:58:30,11.64,0.00,3.16,0.01,0.00,0.08,0.00,0.00,0.00,85.12
2022-08-25T19:58:31,9.02,0.00,2.25,0.66,0.00,0.12,0.00,0.00,0.00,87.95
2022-08-25T19:58:32,9.47,0.00,1.33,1.18,0.00,0.01,0.00,0.00,0.00,88.01
2022-08-25T19:58:33,9.01,0.00,2.22,0.96,0.00,0.09,0.00,0.00,0.00,87.72
2022-08-25T19:58:34,5.90,0.00,4.92,1.19,0.00,0.07,0.00,0.00,0.00,87.92
2022-08-25T19:58:35,5.96,0.00,4.95,1.18,0.00,0.08,0.00,0.00,0.00,87.84
2022-08-25T19:58:36,6.35,0.00,5.29,0.64,0.00,0.08,0.00,0.00,0.00,87.65
2022-08-25T19:58:37,7.08,0.00,5.17,0.00,0.00,0.06,0.00,0.00,0.00,87.68
2022-08-25T19:58:38,9.16,0.00,5.95,0.01,0.00,0.06,0.00,0.00,0.00,84.82
2022-08-25T19:58:39,7.20,0.00,5.24,0.00,0.00,0.08,0.00,0.00,0.00,87.49
2022-08-25T19:58:40,8.36,0.00,5.39,0.00,0.00,0.11,0.00,0.00,0.00,86.14
2022-08-25T19:58:41,7.92,0.00,4.39,0.00,0.00,0.08,0.00,0.00,0.00,87.62
2022-08-25T19:58:42,7.50,0.00,4.79,0.00,0.00,0.04,0.00,0.00,0.00,87.67
2022-08-25T19:58:43,8.67,0.00,6.38,0.04,0.00,0.11,0.00,0.00,0.00,84.80
2022-08-25T19:58:44,7.42,0.00,4.89,0.00,0.00,0.06,0.00,0.00,0.00,87.63
2022-08-25T19:58:45,8.75,0.00,6.01,0.00,0.00,0.16,0.00,0.00,0.00,85.08
2022-08-25T19:58:46,7.90,0.00,4.16,0.00,0.00,0.04,0.00,0.00,0.00,87.90
2022-08-25T19:58:47,7.69,0.00,4.43,0.00,0.00,0.09,0.00,0.00,0.00,87.79
2022-08-25T19:58:48,9.32,0.00,4.81,0.00,0.00,0.07,0.00,0.00,0.00,85.80
2022-08-25T19:58:49,8.37,0.00,3.54,0.00,0.00,0.16,0.00,0.00,0.00,87.93
2022-08-25T19:58:50,8.92,0.00,5.38,0.00,0.00,0.14,0.00,0.00,0.00,85.56
2022-08-25T19:58:51,7.92,0.00,4.40,0.00,0.00,0.30,0.00,0.00,0.00,87.38
2022-08-25T19:58:52,8.45,0.00,3.62,0.00,0.00,0.19,0.00,0.00,0.00,87.74
2022-08-25T19:58:53,9.50,0.00,5.00,0.01,0.00,0.17,0.00,0.00,0.00,85.31
2022-08-25T19:58:54,8.66,0.00,3.41,0.00,0.00,0.12,0.00,0.00,0.00,87.81
2022-08-25T19:58:55,10.81,0.00,3.83,0.01,0.00,0.26,0.00,0.00,0.00,85.08
2022-08-25T19:58:56,9.32,0.00,2.51,0.01,0.00,0.09,0.00,0.00,0.00,88.07
2022-08-25T19:58:57,9.20,0.00,2.65,0.00,0.00,0.12,0.00,0.00,0.00,88.03
2022-08-25T19:58:58,10.99,0.00,4.51,0.01,0.00,0.16,0.00,0.00,0.00,84.33
2022-08-25T19:58:59,9.74,0.00,2.31,0.00,0.00,0.16,0.00,0.00,0.00,87.79
2022-08-25T19:59:00,10.76,0.00,3.79,0.01,0.00,0.32,0.00,0.00,0.00,85.11
2022-08-25T19:59:01,9.66,0.00,2.04,0.00,0.00,0.39,0.00,0.00,0.00,87.91
2022-08-25T19:59:02,9.91,0.00,1.93,0.00,0.00,0.42,0.00,0.00,0.00,87.74
2022-08-25T19:59:03,10.71,0.00,3.72,0.01,0.00,0.20,0.00,0.00,0.00,85.35
2022-08-25T19:59:04,10.22,0.00,1.73,0.00,0.00,0.15,0.00,0.00,0.00,87.91
2022-08-25T19:59:05,10.95,0.00,2.13,0.01,0.00,0.34,0.00,0.00,0.00,86.57
2022-08-25T19:59:06,10.89,0.00,1.06,0.44,0.00,0.17,0.00,0.00,0.00,87.43
2022-08-25T19:59:07,8.41,0.00,2.18,1.15,0.00,0.12,0.00,0.00,0.00,88.13
2022-08-25T19:59:08,9.64,0.00,1.65,1.00,0.00,0.20,0.00,0.00,0.00,87.52
2022-08-25T19:59:09,9.33,0.00,1.35,1.16,0.00,0.11,0.00,0.00,0.00,88.05
2022-08-25T19:59:10,9.07,0.00,1.67,1.20,0.00,0.06,0.00,0.00,0.00,87.99
2022-08-25T19:59:11,9.42,0.00,1.80,0.90,0.00,0.13,0.00,0.00,0.00,87.76
2022-08-25T19:59:12,11.33,0.00,0.65,0.00,0.00,0.10,0.00,0.00,0.00,87.92
2022-08-25T19:59:13,10.55,0.00,4.65,0.01,0.00,0.26,0.00,0.00,0.00,84.53
2022-08-25T19:59:14,11.27,0.00,1.03,0.00,0.00,0.06,0.00,0.00,0.00,87.64
2022-08-25T19:59:15,11.66,0.00,5.24,0.00,0.00,0.19,0.00,0.00,0.00,82.91
2022-08-25T19:59:16,11.02,0.00,1.00,0.00,0.00,0.10,0.00,0.00,0.00,87.88
2022-08-25T19:59:17,9.78,0.00,1.78,0.00,0.00,0.08,0.00,0.00,0.00,88.37
2022-08-25T19:59:18,12.30,0.00,2.86,0.04,0.00,0.06,0.00,0.00,0.00,84.75
2022-08-25T19:59:19,9.38,0.00,2.49,0.00,0.00,0.06,0.00,0.00,0.00,88.07
2022-08-25T19:59:20,12.68,0.00,3.41,0.00,0.00,0.08,0.00,0.00,0.00,83.83
2022-08-25T19:59:21,9.16,0.00,2.49,0.00,0.00,0.07,0.00,0.00,0.00,88.28
2022-08-25T19:59:22,10.76,0.00,1.62,0.00,0.00,0.10,0.00,0.00,0.00,87.51
2022-08-25T19:59:23,11.62,0.00,4.32,0.01,0.00,0.08,0.00,0.00,0.00,83.97
2022-08-25T19:59:24,10.36,0.00,1.62,0.00,0.00,0.07,0.00,0.00,0.00,87.95
2022-08-25T19:59:25,11.25,0.00,3.41,0.01,0.00,0.10,0.00,0.00,0.00,85.23
2022-08-25T19:59:26,9.90,0.00,1.96,0.00,0.00,0.05,0.00,0.00,0.00,88.09
2022-08-25T19:59:27,11.13,0.00,1.12,0.00,0.00,0.10,0.00,0.00,0.00,87.65
2022-08-25T19:59:28,11.60,0.00,5.17,0.01,0.00,0.13,0.00,0.00,0.00,83.09
2022-08-25T19:59:29,11.35,0.00,0.89,0.00,0.00,0.14,0.00,0.00,0.00,87.62
2022-08-25T19:59:30,9.96,0.00,4.58,0.00,0.00,0.10,0.00,0.00,0.00,85.36
2022-08-25T19:59:31,11.22,0.00,0.79,0.00,0.00,0.05,0.00,0.00,0.00,87.94
2022-08-25T19:59:32,9.03,0.00,2.73,0.00,0.00,0.03,0.00,0.00,0.00,88.22
2022-08-25T19:59:33,12.52,0.00,2.43,0.02,0.00,0.09,0.00,0.00,0.00,84.93
2022-08-25T19:59:34,9.33,0.00,2.33,0.00,0.00,0.14,0.00,0.00,0.00,88.20
2022-08-25T19:59:35,12.42,0.00,2.97,0.00,0.00,0.16,0.00,0.00,0.00,84.45
2022-08-25T19:59:36,9.20,0.00,2.47,0.00,0.00,0.01,0.00,0.00,0.00,88.32
2022-08-25T19:59:37,10.82,0.00,1.24,0.00,0.00,0.00,0.00,0.00,0.00,87.94
2022-08-25T19:59:38,10.76,0.00,3.94,0.01,0.00,0.07,0.00,0.00,0.00,85.21
2022-08-25T19:59:39,10.65,0.00,1.35,0.00,0.00,0.05,0.00,0.00,0.00,87.95
2022-08-25T19:59:40,11.03,0.00,3.35,0.01,0.00,0.14,0.00,0.00,0.00,85.47
2022-08-25T19:59:41,7.39,0.00,4.52,0.19,0.00,0.15,0.00,0.00,0.00,87.75
2022-08-25T19:59:42,6.14,0.00,4.78,1.19,0.00,0.14,0.00,0.00,0.00,87.76
2022-08-25T19:59:43,6.50,0.00,5.22,0.96,0.00,0.15,0.00,0.00,0.00,87.17
2022-08-25T19:59:44,5.85,0.00,5.08,1.20,0.00,0.15,0.00,0.00,0.00,87.72
2022-08-25T19:59:45,6.33,0.00,4.73,1.16,0.00,0.17,0.00,0.00,0.00,87.60
2022-08-25T19:59:46,6.33,0.00,4.59,1.15,0.00,0.16,0.00,0.00,0.00,87.76
2022-08-25T19:59:47,9.28,0.00,7.44,0.00,0.00,0.20,0.00,0.00,0.00,83.09
2022-08-25T19:59:48,7.45,0.00,4.77,0.00,0.00,0.11,0.00,0.00,0.00,87.66
2022-08-25T19:59:49,7.39,0.00,4.99,0.00,0.00,0.10,0.00,0.00,0.00,87.52
2022-08-25T19:59:50,8.96,0.00,5.88,0.01,0.00,0.09,0.00,0.00,0.00,85.05
2022-08-25T19:59:51,7.55,0.00,4.70,0.00,0.00,0.10,0.00,0.00,0.00,87.65
2022-08-25T19:59:52,7.77,0.00,4.69,0.00,0.00,0.14,0.00,0.00,0.00,87.41
2022-08-25T19:59:53,9.02,0.00,5.43,0.00,0.00,0.25,0.00,0.00,0.00,85.30
2022-08-25T19:59:54,7.62,0.00,4.50,0.00,0.00,0.05,0.00,0.00,0.00,87.83
2022-08-25T19:59:55,9.61,0.00,5.53,0.01,0.00,0.16,0.00,0.00,0.00,84.68
2022-08-25T19:59:56,8.72,0.00,3.31,0.00,0.00,0.09,0.00,0.00,0.00,87.88
2022-08-25T19:59:57,8.87,0.00,3.09,0.01,0.00,0.18,0.00,0.00,0.00,87.86
2022-08-25T19:59:58,9.87,0.00,5.57,0.00,0.00,0.22,0.00,0.00,0.00,84.34
2022-08-25T19:59:59,8.27,0.00,3.82,0.00,0.00,0.11,0.00,0.00,0.00,87.80
2022-08-25T20:00:00,9.71,0.00,5.11,0.01,0.00,0.14,0.00,0.00,0.00,85.03
2022-08-25T20:00:01,9.01,0.00,3.02,0.00,0.00,0.19,0.00,0.00,0.00,87.78
2022-08-25T20:00:02,9.22,0.00,2.63,0.00,0.00,0.10,0.00,0.00,0.00,88.06
2022-08-25T20:00:03,10.20,0.00,4.26,0.01,0.00,0.08,0.00,0.00,0.00,85.46
2022-08-25T20:00:04,9.39,0.00,2.62,0.00,0.00,0.11,0.00,0.00,0.00,87.88
2022-08-25T20:00:05,10.53,0.00,3.96,0.00,0.00,0.25,0.00,0.00,0.00,85.26
2022-08-25T20:00:06,9.52,0.00,2.38,0.00,0.00,0.29,0.00,0.00,0.00,87.81
2022-08-25T20:00:07,9.77,0.00,2.01,0.00,0.00,0.12,0.00,0.00,0.00,88.10
2022-08-25T20:00:08,10.27,0.00,3.16,0.01,0.00,0.19,0.00,0.00,0.00,86.37
2022-08-25T20:00:09,9.72,0.00,2.18,0.00,0.00,0.24,0.00,0.00,0.00,87.86
2022-08-25T20:00:10,10.52,0.00,3.56,0.00,0.00,0.24,0.00,0.00,0.00,85.69
2022-08-25T20:00:11,9.77,0.00,2.17,0.00,0.00,0.19,0.00,0.00,0.00,87.87
2022-08-25T20:00:12,10.48,0.00,1.37,0.01,0.00,0.21,0.00,0.00,0.00,87.92
2022-08-25T20:00:13,12.89,0.00,3.43,0.00,0.00,0.27,0.00,0.00,0.00,83.40
2022-08-25T20:00:14,9.35,0.00,2.51,0.01,0.00,0.37,0.00,0.00,0.00,87.75
2022-08-25T20:00:15,12.61,0.00,3.60,0.01,0.00,0.29,0.00,0.00,0.00,83.50
2022-08-25T20:00:16,9.82,0.00,1.87,0.01,0.00,0.19,0.00,0.00,0.00,88.11
2022-08-25T20:00:17,9.83,0.00,1.19,1.10,0.00,0.17,0.00,0.00,0.00,87.71
2022-08-25T20:00:18,8.98,0.00,1.99,1.00,0.00,0.15,0.00,0.00,0.00,87.89
2022-08-25T20:00:19,9.76,0.00,1.37,1.14,0.00,0.22,0.00,0.00,0.00,87.51
2022-08-25T20:00:20,8.55,0.00,2.12,1.15,0.00,0.07,0.00,0.00,0.00,88.10
2022-08-25T20:00:21,9.54,0.00,1.28,1.22,0.00,0.24,0.00,0.00,0.00,87.72
2022-08-25T20:00:22,12.26,0.00,2.98,0.20,0.00,0.15,0.00,0.00,0.00,84.41
2022-08-25T20:00:23,9.73,0.00,2.22,0.00,0.00,0.24,0.00,0.00,0.00,87.81
2022-08-25T20:00:24,11.22,0.00,0.72,0.00,0.00,0.21,0.00,0.00,0.00,87.85
2022-08-25T20:00:25,10.55,0.00,3.84,0.00,0.00,0.18,0.00,0.00,0.00,85.44
2022-08-25T20:00:26,10.62,0.00,1.44,0.00,0.00,0.31,0.00,0.00,0.00,87.64
2022-08-25T20:00:27,10.11,0.00,1.64,0.00,0.00,0.24,0.00,0.00,0.00,88.01
2022-08-25T20:00:28,11.34,0.00,3.24,0.01,0.00,0.24,0.00,0.00,0.00,85.17
2022-08-25T20:00:29,9.82,0.00,2.05,0.00,0.00,0.21,0.00,0.00,0.00,87.92
2022-08-25T20:00:30,11.93,0.00,3.10,0.00,0.00,0.16,0.00,0.00,0.00,84.80
2022-08-25T20:00:31,9.47,0.00,2.16,0.00,0.00,0.21,0.00,0.00,0.00,88.16
2022-08-25T20:00:32,10.94,0.00,1.40,0.00,0.00,0.19,0.00,0.00,0.00,87.48
2022-08-25T20:00:33,9.58,0.00,4.05,0.01,0.00,0.29,0.00,0.00,0.00,86.07
2022-08-25T20:00:34,10.95,0.00,1.45,0.01,0.00,0.21,0.00,0.00,0.00,87.38
2022-08-25T20:00:35,10.48,0.00,3.19,0.00,0.00,0.21,0.00,0.00,0.00,86.12
2022-08-25T20:00:36,11.80,0.00,2.91,0.00,0.00,0.20,0.00,0.00,0.00,85.09
2022-08-25T20:00:37,10.27,0.00,1.67,0.00,0.00,0.16,0.00,0.00,0.00,87.89
2022-08-25T20:00:38,12.06,0.00,3.17,0.01,0.00,0.09,0.00,0.00,0.00,84.67
2022-08-25T20:00:39,9.64,0.00,2.02,0.00,0.00,0.16,0.00,0.00,0.00,88.17
2022-08-25T20:00:40,10.76,0.00,1.54,0.00,0.00,0.12,0.00,0.00,0.00,87.58
2022-08-25T20:00:41,11.53,0.00,3.24,0.01,0.00,0.11,0.00,0.00,0.00,85.10
2022-08-25T20:00:42,10.32,0.00,1.70,0.00,0.00,0.11,0.00,0.00,0.00,87.87
2022-08-25T20:00:43,11.29,0.00,3.03,0.01,0.00,0.21,0.00,0.00,0.00,85.46
2022-08-25T20:00:44,9.97,0.00,2.19,0.00,0.00,0.11,0.00,0.00,0.00,87.74
2022-08-25T20:00:45,9.77,0.00,2.24,0.00,0.00,0.47,0.00,0.00,0.00,87.52
2022-08-25T20:00:46,11.70,0.00,4.90,0.01,0.00,0.36,0.00,0.00,0.00,83.02
2022-08-25T20:00:47,10.32,0.00,1.79,0.00,0.00,0.19,0.00,0.00,0.00,87.70
2022-08-25T20:00:48,8.77,0.00,6.13,0.00,0.00,0.25,0.00,0.00,0.00,84.85
2022-08-25T20:00:49,7.11,0.00,5.27,0.00,0.00,0.11,0.00,0.00,0.00,87.51
2022-08-25T20:00:50,6.98,0.00,5.47,0.00,0.00,0.14,0.00,0.00,0.00,87.41
2022-08-25T20:00:51,7.95,0.00,6.59,0.01,0.00,0.20,0.00,0.00,0.00,85.24
2022-08-25T20:00:52,6.80,0.00,4.81,0.90,0.00,0.19,0.00,0.00,0.00,87.31
2022-08-25T20:00:53,6.30,0.00,4.68,1.17,0.00,0.20,0.00,0.00,0.00,87.65
2022-08-25T20:00:54,6.60,0.00,4.60,0.99,0.00,0.09,0.00,0.00,0.00,87.72
2022-08-25T20:00:55,6.85,0.00,4.02,1.19,0.00,0.10,0.00,0.00,0.00,87.84
2022-08-25T20:00:56,5.79,0.00,5.16,1.16,0.00,0.12,0.00,0.00,0.00,87.77
2022-08-25T20:00:57,7.02,0.00,4.76,0.45,0.00,0.11,0.00,0.00,0.00,87.65
2022-08-25T20:00:58,8.20,0.00,6.66,0.01,0.00,0.16,0.00,0.00,0.00,84.97
2022-08-25T20:00:59,7.50,0.00,4.95,0.00,0.00,0.19,0.00,0.00,0.00,87.36
2022-08-25T20:01:00,7.77,0.00,4.29,0.01,0.00,0.15,0.00,0.00,0.00,87.78
2022-08-25T20:01:01,8.52,0.00,5.70,0.00,0.00,0.06,0.00,0.00,0.00,85.72
2022-08-25T20:01:02,8.81,0.00,3.37,0.00,0.00,0.05,0.00,0.00,0.00,87.77
2022-08-25T20:01:03,9.65,0.00,4.64,0.01,0.00,0.05,0.00,0.00,0.00,85.64
2022-08-25T20:01:04,8.62,0.00,3.74,0.00,0.00,0.11,0.00,0.00,0.00,87.53
2022-08-25T20:01:05,8.55,0.00,3.50,0.00,0.00,0.10,0.00,0.00,0.00,87.85
2022-08-25T20:01:06,9.27,0.00,5.62,0.01,0.00,0.11,0.00,0.00,0.00,84.99
2022-08-25T20:01:07,8.89,0.00,3.04,0.00,0.00,0.05,0.00,0.00,0.00,88.02
2022-08-25T20:01:08,9.91,0.00,4.66,0.01,0.00,0.20,0.00,0.00,0.00,85.22
2022-08-25T20:01:09,9.41,0.00,2.51,0.00,0.00,0.11,0.00,0.00,0.00,87.97
2022-08-25T20:01:10,9.07,0.00,2.74,0.00,0.00,0.08,0.00,0.00,0.00,88.12
2022-08-25T20:01:11,10.04,0.00,4.28,0.01,0.00,0.10,0.00,0.00,0.00,85.57
2022-08-25T20:01:12,9.43,0.00,2.44,0.00,0.00,0.04,0.00,0.00,0.00,88.10
2022-08-25T20:01:13,10.82,0.00,3.86,0.00,0.00,0.04,0.00,0.00,0.00,85.28
2022-08-25T20:01:14,9.60,0.00,2.22,0.01,0.00,0.12,0.00,0.00,0.00,88.04
2022-08-25T20:01:15,9.65,0.00,2.14,0.00,0.00,0.03,0.00,0.00,0.00,88.18
2022-08-25T20:01:16,10.64,0.00,3.28,0.01,0.00,0.15,0.00,0.00,0.00,85.92
2022-08-25T20:01:17,9.74,0.00,2.01,0.00,0.00,0.12,0.00,0.00,0.00,88.12
2022-08-25T20:01:18,9.87,0.00,2.29,0.01,0.00,0.05,0.00,0.00,0.00,87.78
2022-08-25T20:01:19,11.38,0.00,2.49,0.00,0.00,0.16,0.00,0.00,0.00,85.97
2022-08-25T20:01:20,11.06,0.00,0.61,0.00,0.00,0.07,0.00,0.00,0.00,88.25
2022-08-25T20:01:21,11.53,0.00,4.84,0.01,0.00,0.39,0.00,0.00,0.00,83.23
2022-08-25T20:01:22,11.31,0.00,1.29,0.00,0.00,0.11,0.00,0.00,0.00,87.29
2022-08-25T20:01:23,9.81,0.00,2.19,0.00,0.00,0.09,0.00,0.00,0.00,87.91
2022-08-25T20:01:24,12.82,0.00,3.02,0.00,0.00,0.10,0.00,0.00,0.00,84.05
2022-08-25T20:01:25,9.01,0.00,2.80,0.00,0.00,0.05,0.00,0.00,0.00,88.14
2022-08-25T20:01:26,12.03,0.00,2.33,0.00,0.00,0.05,0.00,0.00,0.00,85.59
2022-08-25T20:01:27,8.81,0.00,2.35,0.61,0.00,0.05,0.00,0.00,0.00,88.18
2022-08-25T20:01:28,10.05,0.00,0.91,1.19,0.00,0.09,0.00,0.00,0.00,87.76
2022-08-25T20:01:29,8.12,0.00,2.87,0.95,0.00,0.09,0.00,0.00,0.00,87.97
2022-08-25T20:01:30,10.11,0.00,1.01,1.19,0.00,0.07,0.00,0.00,0.00,87.61
2022-08-25T20:01:31,7.89,0.00,2.51,1.17,0.00,0.10,0.00,0.00,0.00,88.33
2022-08-25T20:01:32,10.44,0.00,1.21,0.70,0.00,0.09,0.00,0.00,0.00,87.56
2022-08-25T20:01:33,10.80,0.00,3.68,0.00,0.00,0.09,0.00,0.00,0.00,85.43
2022-08-25T20:01:34,10.40,0.00,1.75,0.00,0.00,0.12,0.00,0.00,0.00,87.73
2022-08-25T20:01:35,10.35,0.00,1.59,0.00,0.00,0.15,0.00,0.00,0.00,87.92
2022-08-25T20:01:36,11.81,0.00,3.16,0.00,0.00,0.15,0.00,0.00,0.00,84.88
2022-08-25T20:01:37,10.31,0.00,1.57,0.00,0.00,0.19,0.00,0.00,0.00,87.93
2022-08-25T20:01:38,10.09,0.00,1.78,0.00,0.00,0.03,0.00,0.00,0.00,88.11
2022-08-25T20:01:39,12.16,0.00,2.17,0.01,0.00,0.11,0.00,0.00,0.00,85.54
2022-08-25T20:01:40,9.06,0.00,2.56,0.00,0.00,0.08,0.00,0.00,0.00,88.30
2022-08-25T20:01:41,12.28,0.00,2.49,0.01,0.00,0.22,0.00,0.00,0.00,85.00
2022-08-25T20:01:42,9.48,0.00,2.15,0.00,0.00,0.03,0.00,0.00,0.00,88.34
2022-08-25T20:01:43,10.80,0.00,1.35,0.00,0.00,0.15,0.00,0.00,0.00,87.70
2022-08-25T20:01:44,10.80,0.00,3.63,0.01,0.00,0.09,0.00,0.00,0.00,85.47
2022-08-25T20:01:45,10.43,0.00,1.45,0.00,0.00,0.11,0.00,0.00,0.00,88.01
2022-08-25T20:01:46,11.63,0.00,2.43,0.00,0.00,0.13,0.00,0.00,0.00,85.82
2022-08-25T20:01:47,9.82,0.00,1.90,0.00,0.00,0.05,0.00,0.00,0.00,88.23
2022-08-25T20:01:48,10.50,0.00,1.69,0.00,0.00,0.07,0.00,0.00,0.00,87.74
2022-08-25T20:01:49,11.31,0.00,3.60,0.04,0.00,0.10,0.00,0.00,0.00,84.95
2022-08-25T20:01:50,10.86,0.00,1.15,0.00,0.00,0.11,0.00,0.00,0.00,87.88
2022-08-25T20:01:51,9.41,0.00,2.26,0.01,0.00,0.24,0.00,0.00,0.00,88.09
2022-08-25T20:01:52,12.02,0.00,2.26,0.00,0.00,0.13,0.00,0.00,0.00,85.59
2022-08-25T20:01:53,9.42,0.00,2.55,0.00,0.00,0.17,0.00,0.00,0.00,87.85
2022-08-25T20:01:54,12.15,0.00,2.85,0.01,0.00,0.17,0.00,0.00,0.00,84.82
2022-08-25T20:01:55,8.10,0.00,3.91,0.00,0.00,0.09,0.00,0.00,0.00,87.90
2022-08-25T20:01:56,7.19,0.00,5.13,0.00,0.00,0.16,0.00,0.00,0.00,87.51
2022-08-25T20:01:57,8.39,0.00,6.05,0.01,0.00,0.10,0.00,0.00,0.00,85.45
2022-08-25T20:01:58,6.97,0.00,5.40,0.00,0.00,0.09,0.00,0.00,0.00,87.55
2022-08-25T20:01:59,8.74,0.00,5.79,0.01,0.00,0.09,0.00,0.00,0.00,85.37
2022-08-25T20:02:00,7.39,0.00,5.05,0.00,0.00,0.05,0.00,0.00,0.00,87.51
2022-08-25T20:02:01,7.20,0.00,5.08,0.00,0.00,0.03,0.00,0.00,0.00,87.69
2022-08-25T20:02:02,8.26,0.00,6.37,0.38,0.00,0.04,0.00,0.00,0.00,84.96
2022-08-25T20:02:03,5.61,0.00,5.29,1.20,0.00,0.04,0.00,0.00,0.00,87.86
2022-08-25T20:02:04,7.11,0.00,4.30,0.96,0.00,0.11,0.00,0.00,0.00,87.52
2022-08-25T20:02:05,6.09,0.00,4.77,1.20,0.00,0.06,0.00,0.00,0.00,87.88
2022-08-25T20:02:06,6.13,0.00,5.03,1.17,0.00,0.09,0.00,0.00,0.00,87.58
2022-08-25T20:02:07,6.87,0.00,4.21,0.96,0.00,0.11,0.00,0.00,0.00,87.84
2022-08-25T20:02:08,7.52,0.00,4.61,0.00,0.00,0.17,0.00,0.00,0.00,87.70
2022-08-25T20:02:09,9.54,0.00,6.32,0.01,0.00,0.09,0.00,0.00,0.00,84.04
2022-08-25T20:02:10,8.61,0.00,3.55,0.00,0.00,0.03,0.00,0.00,0.00,87.82
2022-08-25T20:02:11,9.91,0.00,4.74,0.02,0.00,0.10,0.00,0.00,0.00,85.23
2022-08-25T20:02:12,8.13,0.00,3.76,0.00,0.00,0.05,0.00,0.00,0.00,88.06
2022-08-25T20:02:13,8.20,0.00,3.89,0.00,0.00,0.12,0.00,0.00,0.00,87.79
2022-08-25T20:02:14,9.13,0.00,5.35,0.00,0.00,0.13,0.00,0.00,0.00,85.40
2022-08-25T20:02:15,8.73,0.00,3.33,0.00,0.00,0.01,0.00,0.00,0.00,87.93
2022-08-25T20:02:16,10.52,0.00,4.88,0.00,0.00,0.03,0.00,0.00,0.00,84.58
2022-08-25T20:02:17,9.98,0.00,3.58,0.00,0.00,0.15,0.00,0.00,0.00,86.30
2022-08-25T20:02:18,9.40,0.00,2.49,0.00,0.00,0.06,0.00,0.00,0.00,88.05
2022-08-25T20:02:19,11.44,0.00,5.08,0.00,0.00,0.17,0.00,0.00,0.00,83.30
2022-08-25T20:02:20,9.64,0.00,2.56,0.00,0.00,0.10,0.00,0.00,0.00,87.71
2022-08-25T20:02:21,9.74,0.00,1.97,0.02,0.00,0.12,0.00,0.00,0.00,88.14
2022-08-25T20:02:22,10.47,0.00,3.22,0.00,0.00,0.05,0.00,0.00,0.00,86.26
2022-08-25T20:02:23,9.78,0.00,2.35,0.00,0.00,0.06,0.00,0.00,0.00,87.81
2022-08-25T20:02:24,10.49,0.00,3.39,0.01,0.00,0.10,0.00,0.00,0.00,86.01
2022-08-25T20:02:25,10.07,0.00,1.75,0.00,0.00,0.15,0.00,0.00,0.00,88.03
2022-08-25T20:02:26,10.36,0.00,1.43,0.00,0.00,0.15,0.00,0.00,0.00,88.07
2022-08-25T20:02:27,11.70,0.00,2.25,0.01,0.00,0.10,0.00,0.00,0.00,85.93
2022-08-25T20:02:28,9.61,0.00,2.13,0.00,0.00,0.11,0.00,0.00,0.00,88.14
2022-08-25T20:02:29,11.89,0.00,2.66,0.03,0.00,0.19,0.00,0.00,0.00,85.24
2022-08-25T20:02:30,9.79,0.00,2.24,0.00,0.00,0.01,0.00,0.00,0.00,87.96
2022-08-25T20:02:31,10.51,0.00,1.70,0.00,0.00,0.05,0.00,0.00,0.00,87.74
2022-08-25T20:02:32,10.82,0.00,3.36,0.01,0.00,0.10,0.00,0.00,0.00,85.70
2022-08-25T20:02:33,10.65,0.00,1.60,0.00,0.00,0.07,0.00,0.00,0.00,87.68
2022-08-25T20:02:34,10.78,0.00,3.22,0.00,0.00,0.16,0.00,0.00,0.00,85.84
2022-08-25T20:02:35,10.34,0.00,1.72,0.00,0.00,0.07,0.00,0.00,0.00,87.86
2022-08-25T20:02:36,10.37,0.00,1.55,0.00,0.00,0.04,0.00,0.00,0.00,88.04
2022-08-25T20:02:37,11.17,0.00,3.30,0.04,0.00,0.09,0.00,0.00,0.00,85.41
2022-08-25T20:02:38,9.22,0.00,1.38,1.19,0.00,0.06,0.00,0.00,0.00,88.16
2022-08-25T20:02:39,9.73,0.00,1.47,0.89,0.00,0.09,0.00,0.00,0.00,87.83
2022-08-25T20:02:40,8.98,0.00,1.59,1.22,0.00,0.11,0.00,0.00,0.00,88.09
2022-08-25T20:02:41,9.63,0.00,1.29,1.09,0.00,0.07,0.00,0.00,0.00,87.92
2022-08-25T20:02:42,8.16,0.00,2.26,1.15,0.00,0.06,0.00,0.00,0.00,88.36
2022-08-25T20:02:43,10.97,0.00,1.14,0.01,0.00,0.10,0.00,0.00,0.00,87.78
2022-08-25T20:02:44,10.64,0.00,3.55,0.00,0.00,0.18,0.00,0.00,0.00,85.64
2022-08-25T20:02:45,11.01,0.00,1.50,0.00,0.00,0.09,0.00,0.00,0.00,87.40
2022-08-25T20:02:46,9.31,0.00,2.30,0.00,0.00,0.06,0.00,0.00,0.00,88.32
2022-08-25T20:02:47,11.76,0.00,3.13,0.00,0.00,0.16,0.00,0.00,0.00,84.95
2022-08-25T20:02:48,9.84,0.00,2.00,0.00,0.00,0.05,0.00,0.00,0.00,88.11
2022-08-25T20:02:49,11.66,0.00,3.01,0.04,0.00,0.05,0.00,0.00,0.00,85.24
2022-08-25T20:02:50,9.61,0.00,2.41,0.00,0.00,0.07,0.00,0.00,0.00,87.90
2022-08-25T20:02:51,10.90,0.00,1.43,0.00,0.00,0.42,0.00,0.00,0.00,87.25
2022-08-25T20:02:52,12.20,0.00,1.95,0.01,0.00,0.21,0.00,0.00,0.00,85.62
2022-08-25T20:02:53,9.81,0.00,2.29,0.00,0.00,0.08,0.00,0.00,0.00,87.82
2022-08-25T20:02:54,12.31,0.00,2.47,0.01,0.00,0.09,0.00,0.00,0.00,85.11
2022-08-25T20:02:55,9.30,0.00,2.45,0.00,0.00,0.36,0.00,0.00,0.00,87.89
2022-08-25T20:02:56,11.17,0.00,1.26,0.00,0.00,0.04,0.00,0.00,0.00,87.53
2022-08-25T20:02:57,11.75,0.00,5.59,0.01,0.00,0.19,0.00,0.00,0.00,82.46
2022-08-25T20:02:58,11.23,0.00,1.13,0.00,0.00,0.09,0.00,0.00,0.00,87.55
2022-08-25T20:02:59,11.04,0.00,4.39,0.01,0.00,0.11,0.00,0.00,0.00,84.44
2022-08-25T20:03:00,11.18,0.00,1.10,0.00,0.00,0.15,0.00,0.00,0.00,87.57
2022-08-25T20:03:01,7.80,0.00,4.08,0.00,0.00,0.08,0.00,0.00,0.00,88.05
2022-08-25T20:03:02,7.84,0.00,6.60,0.02,0.00,0.07,0.00,0.00,0.00,85.46
2022-08-25T20:03:03,7.22,0.00,5.00,0.00,0.00,0.05,0.00,0.00,0.00,87.72
2022-08-25T20:03:04,7.06,0.00,5.01,0.02,0.00,0.07,0.00,0.00,0.00,87.83
2022-08-25T20:03:05,8.29,0.00,7.00,0.00,0.00,0.08,0.00,0.00,0.00,84.63
2022-08-25T20:03:06,7.25,0.00,5.04,0.00,0.00,0.04,0.00,0.00,0.00,87.67
2022-08-25T20:03:07,9.37,0.00,8.45,0.00,0.00,0.12,0.00,0.00,0.00,82.06
2022-08-25T20:03:08,7.23,0.00,4.90,0.00,0.00,0.01,0.00,0.00,0.00,87.85
2022-08-25T20:03:09,6.93,0.00,5.40,0.00,0.00,0.01,0.00,0.00,0.00,87.65
2022-08-25T20:03:10,8.60,0.00,5.77,0.01,0.00,0.08,0.00,0.00,0.00,85.55
2022-08-25T20:03:11,6.98,0.00,5.20,0.00,0.00,0.03,0.00,0.00,0.00,87.79
2022-08-25T20:03:12,8.35,0.00,7.17,0.01,0.00,0.07,0.00,0.00,0.00,84.40
2022-08-25T20:03:13,7.08,0.00,4.21,1.09,0.00,0.10,0.00,0.00,0.00,87.53
2022-08-25T20:03:14,6.76,0.00,4.30,1.05,0.00,0.06,0.00,0.00,0.00,87.82
2022-08-25T20:03:15,7.22,0.00,3.97,1.07,0.00,0.09,0.00,0.00,0.00,87.65
2022-08-25T20:03:16,7.82,0.00,3.01,1.17,0.00,0.12,0.00,0.00,0.00,87.87
2022-08-25T20:03:17,7.61,0.00,3.05,1.20,0.00,0.09,0.00,0.00,0.00,88.05
2022-08-25T20:03:18,8.38,0.00,3.49,0.26,0.00,0.09,0.00,0.00,0.00,87.78
2022-08-25T20:03:19,9.19,0.00,5.45,0.01,0.00,0.07,0.00,0.00,0.00,85.28
2022-08-25T20:03:20,8.20,0.00,3.84,0.00,0.00,0.16,0.00,0.00,0.00,87.80
2022-08-25T20:03:21,9.18,0.00,2.92,0.00,0.00,0.20,0.00,0.00,0.00,87.70
2022-08-25T20:03:22,10.30,0.00,4.42,0.01,0.00,0.11,0.00,0.00,0.00,85.16
2022-08-25T20:03:23,9.47,0.00,2.91,0.00,0.00,0.07,0.00,0.00,0.00,87.54
2022-08-25T20:03:24,11.13,0.00,5.16,0.01,0.00,0.11,0.00,0.00,0.00,83.59
2022-08-25T20:03:25,9.32,0.00,2.58,0.00,0.00,0.40,0.00,0.00,0.00,87.70
2022-08-25T20:03:26,9.82,0.00,2.08,0.00,0.00,0.30,0.00,0.00,0.00,87.79
2022-08-25T20:03:27,10.70,0.00,3.40,0.00,0.00,0.39,0.00,0.00,0.00,85.51
2022-08-25T20:03:28,9.82,0.00,1.99,0.00,0.00,0.26,0.00,0.00,0.00,87.92
2022-08-25T20:03:29,10.67,0.00,3.31,0.00,0.00,0.25,0.00,0.00,0.00,85.77
2022-08-25T20:03:30,9.75,0.00,2.34,0.00,0.00,0.15,0.00,0.00,0.00,87.76
2022-08-25T20:03:31,9.77,0.00,2.29,0.00,0.00,0.12,0.00,0.00,0.00,87.82
2022-08-25T20:03:32,11.02,0.00,2.98,0.01,0.00,0.14,0.00,0.00,0.00,85.85
2022-08-25T20:03:33,10.81,0.00,0.79,0.00,0.00,0.04,0.00,0.00,0.00,88.37
2022-08-25T20:03:34,10.49,0.00,3.33,0.01,0.00,0.34,0.00,0.00,0.00,85.83
2022-08-25T20:03:35,10.24,0.00,1.92,0.00,0.00,0.32,0.00,0.00,0.00,87.52
2022-08-25T20:03:36,10.06,0.00,1.84,0.00,0.00,0.14,0.00,0.00,0.00,87.96
2022-08-25T20:03:37,11.04,0.00,3.51,0.01,0.00,0.29,0.00,0.00,0.00,85.14
2022-08-25T20:03:38,11.17,0.00,0.94,0.00,0.00,0.02,0.00,0.00,0.00,87.87
2022-08-25T20:03:39,9.72,0.00,3.04,0.01,0.00,0.09,0.00,0.00,0.00,87.14
2022-08-25T20:03:40,11.77,0.00,1.89,0.00,0.00,0.15,0.00,0.00,0.00,86.19
2022-08-25T20:03:41,9.41,0.00,2.30,0.00,0.00,0.15,0.00,0.00,0.00,88.14
2022-08-25T20:03:42,11.98,0.00,2.42,0.01,0.00,0.10,0.00,0.00,0.00,85.49
2022-08-25T20:03:43,9.45,0.00,2.39,0.00,0.00,0.08,0.00,0.00,0.00,88.08
2022-08-25T20:03:44,11.29,0.00,0.99,0.01,0.00,0.04,0.00,0.00,0.00,87.67
2022-08-25T20:03:45,10.17,0.00,4.12,0.00,0.00,0.15,0.00,0.00,0.00,85.57
2022-08-25T20:03:46,11.13,0.00,1.04,0.00,0.00,0.10,0.00,0.00,0.00,87.73
2022-08-25T20:03:47,10.18,0.00,3.79,0.00,0.00,0.04,0.00,0.00,0.00,85.99
2022-08-25T20:03:48,10.46,0.00,0.89,0.85,0.00,0.09,0.00,0.00,0.00,87.72
2022-08-25T20:03:49,8.13,0.00,2.41,1.17,0.00,0.12,0.00,0.00,0.00,88.16
2022-08-25T20:03:50,10.28,0.00,0.98,1.01,0.00,0.06,0.00,0.00,0.00,87.67
2022-08-25T20:03:51,8.24,0.00,2.19,1.17,0.00,0.12,0.00,0.00,0.00,88.27
2022-08-25T20:03:52,9.54,0.00,1.42,1.15,0.00,0.16,0.00,0.00,0.00,87.72
2022-08-25T20:03:53,10.32,0.00,1.25,0.51,0.00,0.06,0.00,0.00,0.00,87.85
2022-08-25T20:03:54,11.53,0.00,4.10,0.00,0.00,0.09,0.00,0.00,0.00,84.28
2022-08-25T20:03:55,10.38,0.00,1.66,0.00,0.00,0.04,0.00,0.00,0.00,87.92
2022-08-25T20:03:56,9.88,0.00,2.02,0.00,0.00,0.10,0.00,0.00,0.00,88.00
2022-08-25T20:03:57,12.27,0.00,2.40,0.00,0.00,0.05,0.00,0.00,0.00,85.28
2022-08-25T20:03:58,9.45,0.00,2.19,0.00,0.00,0.06,0.00,0.00,0.00,88.29
2022-08-25T20:03:59,12.20,0.00,2.48,0.00,0.00,0.12,0.00,0.00,0.00,85.20
2022-08-25T20:04:00,9.20,0.00,2.65,0.00,0.00,0.10,0.00,0.00,0.00,88.05
2022-08-25T20:04:01,11.10,0.00,1.06,0.01,0.00,0.32,0.00,0.00,0.00,87.50
2022-08-25T20:04:02,9.60,0.00,3.24,0.01,0.00,0.21,0.00,0.00,0.00,86.94
2022-08-25T20:04:03,11.13,0.00,1.25,0.00,0.00,0.06,0.00,0.00,0.00,87.55
2022-08-25T20:04:04,9.30,0.00,2.45,0.00,0.00,0.05,0.00,0.00,0.00,88.20
2022-08-25T20:04:05,12.32,0.00,2.96,0.01,0.00,0.03,0.00,0.00,0.00,84.68
2022-08-25T20:04:06,9.84,0.00,1.89,0.00,0.00,0.03,0.00,0.00,0.00,88.24
2022-08-25T20:04:07,11.13,0.00,2.84,0.01,0.00,0.04,0.00,0.00,0.00,85.99
2022-08-25T20:04:08,10.06,0.00,2.00,0.00,0.00,0.01,0.00,0.00,0.00,87.92
2022-08-25T20:04:09,7.23,0.00,5.02,0.00,0.00,0.00,0.00,0.00,0.00,87.75
2022-08-25T20:04:10,8.73,0.00,6.89,0.03,0.00,0.04,0.00,0.00,0.00,84.32
2022-08-25T20:04:11,7.46,0.00,4.76,0.00,0.00,0.03,0.00,0.00,0.00,87.76
2022-08-25T20:04:12,7.84,0.00,5.53,0.01,0.00,0.01,0.00,0.00,0.00,86.60
2022-08-25T20:04:13,7.43,0.00,4.75,0.01,0.00,0.01,0.00,0.00,0.00,87.79
2022-08-25T20:04:14,7.37,0.00,4.91,0.00,0.00,0.00,0.00,0.00,0.00,87.72
2022-08-25T20:04:15,9.07,0.00,5.63,0.01,0.00,0.05,0.00,0.00,0.00,85.24
2022-08-25T20:04:16,7.84,0.00,4.15,0.00,0.00,0.01,0.00,0.00,0.00,88.00
2022-08-25T20:04:17,7.68,0.00,5.53,0.01,0.00,0.05,0.00,0.00,0.00,86.72
2022-08-25T20:04:18,7.36,0.00,4.82,0.00,0.00,0.01,0.00,0.00,0.00,87.80
2022-08-25T20:04:19,7.06,0.00,5.17,0.00,0.00,0.00,0.00,0.00,0.00,87.77
2022-08-25T20:04:20,8.24,0.00,5.29,0.01,0.00,0.06,0.00,0.00,0.00,86.40
2022-08-25T20:04:21,7.86,0.00,4.37,0.00,0.00,0.01,0.00,0.00,0.00,87.76
2022-08-25T20:04:22,7.79,0.00,4.27,0.01,0.00,0.01,0.00,0.00,0.00,87.91
2022-08-25T20:04:23,8.73,0.00,5.44,0.59,0.00,0.07,0.00,0.00,0.00,85.17
2022-08-25T20:04:24,7.40,0.00,3.69,1.18,0.00,0.01,0.00,0.00,0.00,87.72
2022-08-25T20:04:25,7.45,0.00,3.93,0.98,0.00,0.01,0.00,0.00,0.00,87.63
2022-08-25T20:04:26,7.35,0.00,3.49,1.18,0.00,0.00,0.00,0.00,0.00,87.99
2022-08-25T20:04:27,6.73,0.00,3.99,1.21,0.00,0.01,0.00,0.00,0.00,88.05
2022-08-25T20:04:28,8.18,0.00,3.14,0.73,0.00,0.01,0.00,0.00,0.00,87.94
2022-08-25T20:04:29,9.01,0.00,2.89,0.00,0.00,0.01,0.00,0.00,0.00,88.09
2022-08-25T20:04:30,10.34,0.00,3.83,0.00,0.00,0.01,0.00,0.00,0.00,85.81
2022-08-25T20:04:31,9.17,0.00,2.80,0.00,0.00,0.01,0.00,0.00,0.00,88.02
2022-08-25T20:04:32,11.78,0.00,5.28,0.01,0.00,0.01,0.00,0.00,0.00,82.91
2022-08-25T20:04:33,9.47,0.00,2.50,0.00,0.00,0.01,0.00,0.00,0.00,88.02
2022-08-25T20:04:34,9.74,0.00,2.22,0.00,0.00,0.01,0.00,0.00,0.00,88.03
2022-08-25T20:04:35,11.36,0.00,4.22,0.01,0.00,0.10,0.00,0.00,0.00,84.31
2022-08-25T20:04:36,9.77,0.00,2.18,0.00,0.00,0.00,0.00,0.00,0.00,88.06
2022-08-25T20:04:37,10.64,0.00,3.52,0.01,0.00,0.04,0.00,0.00,0.00,85.78
2022-08-25T20:04:38,9.87,0.00,1.78,0.00,0.00,0.00,0.00,0.00,0.00,88.35
2022-08-25T20:04:39,9.71,0.00,2.14,0.00,0.00,0.01,0.00,0.00,0.00,88.14
2022-08-25T20:04:40,11.49,0.00,2.56,0.01,0.00,0.05,0.00,0.00,0.00,85.89
2022-08-25T20:04:41,11.08,0.00,0.81,0.00,0.00,0.01,0.00,0.00,0.00,88.09
2022-08-25T20:04:42,10.38,0.00,4.13,0.01,0.00,0.05,0.00,0.00,0.00,85.43
2022-08-25T20:04:43,11.44,0.00,1.00,0.00,0.00,0.00,0.00,0.00,0.00,87.55
2022-08-25T20:04:44,9.22,0.00,2.65,0.00,0.00,0.03,0.00,0.00,0.00,88.10
2022-08-25T20:04:45,12.33,0.00,2.58,0.01,0.00,0.03,0.00,0.00,0.00,85.05
2022-08-25T20:04:46,9.52,0.00,2.21,0.00,0.00,0.00,0.00,0.00,0.00,88.26
2022-08-25T20:04:47,11.80,0.00,2.58,0.01,0.00,0.04,0.00,0.00,0.00,85.57
2022-08-25T20:04:48,9.61,0.00,2.13,0.00,0.00,0.01,0.00,0.00,0.00,88.25
2022-08-25T20:04:49,11.18,0.00,0.98,0.00,0.00,0.00,0.00,0.00,0.00,87.84
2022-08-25T20:04:50,6.77,0.00,5.79,0.22,0.00,0.32,0.00,0.00,0.00,86.89
2022-08-25T20:04:51,1.63,0.00,2.78,0.71,0.00,0.14,0.00,0.00,0.00,94.74
2022-08-25T20:04:52,2.25,0.00,2.65,0.01,0.00,0.09,0.00,0.00,0.00,94.99
2022-08-25T20:04:53,1.36,0.00,0.76,0.54,0.00,0.09,0.00,0.00,0.00,97.25
2022-08-25T20:04:54,1.41,0.00,0.50,0.80,0.00,0.10,0.00,0.00,0.00,97.18
2022-08-25T20:04:55,2.15,0.00,1.71,0.00,0.00,0.06,0.00,0.00,0.00,96.07
2022-08-25T20:04:56,1.28,0.00,0.26,0.00,0.00,0.03,0.00,0.00,0.00,98.44
2022-08-25T20:04:57,2.70,0.00,2.15,0.00,0.00,0.04,0.00,0.00,0.00,95.11
2022-08-25T20:04:58,1.01,0.00,0.18,0.61,0.00,0.01,0.00,0.00,0.00,98.19
2022-08-25T20:04:59,0.09,0.00,0.09,1.96,0.00,0.00,0.00,0.00,0.00,97.86
2022-08-25T20:05:00,0.43,0.00,0.19,0.99,0.00,0.03,0.00,0.00,0.00,98.37
2022-08-25T20:05:01,0.10,0.00,0.12,1.22,0.00,0.00,0.00,0.00,0.00,98.55
2022-08-25T20:05:02,0.16,0.00,0.14,1.16,0.00,0.01,0.00,0.00,0.00,98.52
2022-08-25T20:05:03,0.33,0.00,0.16,0.99,0.00,0.01,0.00,0.00,0.00,98.51
2022-08-25T20:05:04,2.53,0.00,2.17,0.00,0.00,0.03,0.00,0.00,0.00,95.28
