timestamp,sm,mem,fb
2022-08-25T20:26:57,0.5,0,254.5
2022-08-25T20:26:58,2,0,632
2022-08-25T20:27:00,2.5,0,864
2022-08-25T20:27:01,3,0,1155
2022-08-25T20:27:02,3.5,0,6287
2022-08-25T20:27:03,37.5,8.5,12654
2022-08-25T20:27:04,40.5,10,14035
2022-08-25T20:27:05,50,9,14566
2022-08-25T20:27:06,60.5,13.5,15097
2022-08-25T20:27:07,43,9.5,15097
2022-08-25T20:27:08,38.5,9.5,15097
2022-08-25T20:27:09,68,13.5,15097
2022-08-25T20:27:10,62.5,8,15097
2022-08-25T20:27:11,40,7.5,15097
2022-08-25T20:27:12,51,13,15097
2022-08-25T20:27:13,74,13,15097
2022-08-25T20:27:14,59,6,15097
2022-08-25T20:27:15,43.5,4,15097
2022-08-25T20:27:16,31.5,7.5,15097
2022-08-25T20:27:17,51.5,11,15097
2022-08-25T20:27:18,57,7.5,15097
2022-08-25T20:27:19,56,11,15097
2022-08-25T20:27:20,44,7,15097
2022-08-25T20:27:21,19,3,15097
2022-08-25T20:27:23,49.5,3.5,15097
2022-08-25T20:27:24,49.5,0,15097
2022-08-25T20:27:25,49.5,0,15097
2022-08-25T20:27:26,43,1.5,15097
2022-08-25T20:27:27,62,15.5,15097
2022-08-25T20:27:28,44,10.5,15097
2022-08-25T20:27:29,46.5,10.5,15097
2022-08-25T20:27:30,58.5,13,15097
2022-08-25T20:27:31,56,13,15097
2022-08-25T20:27:32,69,14,15097
2022-08-25T20:27:33,39,4,15097
2022-08-25T20:27:34,57.5,12,15097
2022-08-25T20:27:35,43,6,15097
2022-08-25T20:27:36,41.5,10.5,15097
2022-08-25T20:27:37,59,15.5,15097
2022-08-25T20:27:38,59.5,10.5,15097
2022-08-25T20:27:39,50,10,15097
2022-08-25T20:27:40,55,13.5,15097
2022-08-25T20:27:41,54,11.5,15097
2022-08-25T20:27:42,52.5,11.5,15097
2022-08-25T20:27:44,45.5,10,15097
2022-08-25T20:27:45,48.5,11,15097
2022-08-25T20:27:46,69.5,15.5,15097
2022-08-25T20:27:47,55,9,15097
2022-08-25T20:27:48,63.5,15.5,15097
2022-08-25T20:27:49,42,10,15097
2022-08-25T20:27:50,51,12.5,15097
2022-08-25T20:27:51,46.5,10.5,15097
2022-08-25T20:27:52,46.5,11.5,15097
2022-08-25T20:27:53,63.5,13,15097
2022-08-25T20:27:54,43.5,6,15097
2022-08-25T20:27:55,55,13.5,15097
2022-08-25T20:27:56,56,13.5,15097
2022-08-25T20:27:57,57,13,15097
2022-08-25T20:27:58,54,11,15097
2022-08-25T20:27:59,49.5,4.5,15097
2022-08-25T20:28:00,49.5,0,15097
2022-08-25T20:28:01,42.5,0,15097
2022-08-25T20:28:02,50.5,9.5,15097
2022-08-25T20:28:03,62,14.5,15097
2022-08-25T20:28:05,74.5,14,15097
2022-08-25T20:28:06,59,15.5,15097
2022-08-25T20:28:07,42.5,9.5,15097
2022-08-25T20:28:08,47.5,12.5,15097
2022-08-25T20:28:09,69,13.5,15097
2022-08-25T20:28:10,55,7.5,15097
2022-08-25T20:28:11,72,15.5,15097
2022-08-25T20:28:12,56.5,10.5,15097
2022-08-25T20:28:13,65,12.5,15097
2022-08-25T20:28:14,44.5,8,15097
2022-08-25T20:28:15,60.5,14.5,15097
2022-08-25T20:28:16,54,9,15097
2022-08-25T20:28:17,41.5,9.5,15097
2022-08-25T20:28:18,58,14.5,15097
2022-08-25T20:28:19,44,9.5,15097
2022-08-25T20:28:20,48.5,11.5,15097
2022-08-25T20:28:21,68.5,14,15097
2022-08-25T20:28:22,58,11.5,15097
2022-08-25T20:28:23,46.5,11,15097
2022-08-25T20:28:24,63.5,14.5,15097
2022-08-25T20:28:26,49.5,11.5,15097
2022-08-25T20:28:27,53.5,13,15097
2022-08-25T20:28:28,75,14,15097
2022-08-25T20:28:29,36.5,6,15097
2022-08-25T20:28:30,58.5,13,15097
2022-08-25T20:28:31,57,12.5,15097
2022-08-25T20:28:32,60.5,15,15097
2022-08-25T20:28:33,59,13.5,15097
2022-08-25T20:28:34,48.5,12,15097
2022-08-25T20:28:35,44,11.5,15097
2022-08-25T20:28:36,53.5,13.5,15097
2022-08-25T20:28:37,66.5,14.5,15097
2022-08-25T20:28:38,61,13,15097
2022-08-25T20:28:39,55.5,12,15097
2022-08-25T20:28:40,47.5,10,15097
2022-08-25T20:28:41,46.5,11.5,15097
2022-08-25T20:28:42,39,8.5,15097
2022-08-25T20:28:43,40.5,9.5,15097
2022-08-25T20:28:44,59.5,12.5,15097
2022-08-25T20:28:45,63,14.5,15097
2022-08-25T20:28:46,57.5,14,15097
2022-08-25T20:28:48,70.5,13.5,15097
2022-08-25T20:28:49,56.5,15,15097
2022-08-25T20:28:50,60,14.5,15097
2022-08-25T20:28:51,72,11.5,15097
2022-08-25T20:28:52,43,6,15097
2022-08-25T20:28:53,56,14.5,15097
2022-08-25T20:28:54,62.5,10.5,15097
2022-08-25T20:28:55,51,7.5,15097
2022-08-25T20:28:56,63.5,13.5,15097
2022-08-25T20:28:57,55,10,15097
2022-08-25T20:28:58,48,12.5,15097
2022-08-25T20:28:59,62.5,15,15097
2022-08-25T20:29:00,59,12,15097
2022-08-25T20:29:01,60.5,13,15097
2022-08-25T20:29:02,46.5,8.5,15097
2022-08-25T20:29:03,48.5,12.5,15097
2022-08-25T20:29:04,55.5,11.5,15097
2022-08-25T20:29:05,46.5,8,15097
2022-08-25T20:29:06,53.5,12.5,15097
2022-08-25T20:29:07,73,18,15097
2022-08-25T20:29:09,55,10,15097
2022-08-25T20:29:10,25.5,5,15097
2022-08-25T20:29:11,26,7,15097
2022-08-25T20:29:12,84.5,11,15097
2022-08-25T20:29:13,71.5,6.5,15097
2022-08-25T20:29:14,45,9,15097
2022-08-25T20:29:15,49,12.5,15097
2022-08-25T20:29:16,81,16,15097
2022-08-25T20:29:17,63,9.5,15097
2022-08-25T20:29:18,53.5,13.5,15097
2022-08-25T20:29:19,63.5,15.5,15097
2022-08-25T20:29:20,59.5,13.5,15097
2022-08-25T20:29:21,51.5,12,15097
2022-08-25T20:29:22,57.5,14,15097
2022-08-25T20:29:23,58.5,14,15097
2022-08-25T20:29:24,42.5,11,15097
2022-08-25T20:29:25,53.5,11,15097
2022-08-25T20:29:26,53.5,9.5,15097
2022-08-25T20:29:27,65,13.5,15097
2022-08-25T20:29:28,58,11,15097
2022-08-25T20:29:30,64.5,15,15097
2022-08-25T20:29:31,55.5,15,15097
2022-08-25T20:29:32,32.5,7.5,15097
2022-08-25T20:29:33,65,15,15097
2022-08-25T20:29:34,42.5,5,15097
2022-08-25T20:29:35,63,14,15097
2022-08-25T20:29:36,40.5,9,15097
2022-08-25T20:29:37,46.5,9.5,15097
2022-08-25T20:29:38,58.5,13.5,15097
2022-08-25T20:29:39,63.5,15.5,15097
2022-08-25T20:29:40,60,9.5,15097
2022-08-25T20:29:41,64,13.5,15097
2022-08-25T20:29:42,58.5,11.5,15097
2022-08-25T20:29:43,44,11,15097
2022-08-25T20:29:44,50.5,13,15097
2022-08-25T20:29:45,60,14.5,15097
2022-08-25T20:29:46,54,11.5,15097
2022-08-25T20:29:47,63.5,14.5,15097
2022-08-25T20:29:48,61.5,11,15097
2022-08-25T20:29:49,59,11,15097
2022-08-25T20:29:51,58,9.5,15097
2022-08-25T20:29:52,70,17,15097
2022-08-25T20:29:53,63.5,15.5,15097
2022-08-25T20:29:54,51,10.5,15097
2022-08-25T20:29:55,57.5,13.5,15097
2022-08-25T20:29:56,60,14.5,15097
2022-08-25T20:29:57,62.5,15,15097
2022-08-25T20:29:58,56.5,11,15097
2022-08-25T20:29:59,64,14,15097
2022-08-25T20:30:00,53,10.5,15097
2022-08-25T20:30:01,57,14,15097
2022-08-25T20:30:02,51,10,15097
2022-08-25T20:30:03,55,12,15097
2022-08-25T20:30:04,66.5,10.5,15097
2022-08-25T20:30:05,54,9,15097
2022-08-25T20:30:06,64.5,12.5,15097
2022-08-25T20:30:07,50.5,9.5,15097
2022-08-25T20:30:08,53.5,13,15097
2022-08-25T20:30:09,63,13,15097
2022-08-25T20:30:10,52,10.5,15097
2022-08-25T20:30:11,60,13.5,15097
2022-08-25T20:30:13,69.5,16,15097
2022-08-25T20:30:14,48.5,10.5,15097
2022-08-25T20:30:15,55.5,13,15097
2022-08-25T20:30:16,44,9.5,15097
2022-08-25T20:30:17,65.5,15.5,15097
2022-08-25T20:30:18,66,7.5,15097
2022-08-25T20:30:19,58,13.5,15097
2022-08-25T20:30:20,70.5,14,15097
2022-08-25T20:30:21,61,11,15097
2022-08-25T20:30:22,62.5,8,15097
2022-08-25T20:30:23,53,10.5,15097
2022-08-25T20:30:24,57.5,13,15097
2022-08-25T20:30:25,64,12,15097
2022-08-25T20:30:26,46,6.5,15097
2022-08-25T20:30:27,50.5,12.5,15097
2022-08-25T20:30:28,54.5,13,15097
2022-08-25T20:30:29,60.5,15.5,15097
2022-08-25T20:30:30,57.5,11,15097
2022-08-25T20:30:31,53.5,9.5,15097
2022-08-25T20:30:33,44.5,10.5,15097
2022-08-25T20:30:34,53,12.5,15097
2022-08-25T20:30:35,73,17.5,15097
2022-08-25T20:30:36,45,6,15097
2022-08-25T20:30:37,66.5,16.5,15097
2022-08-25T20:30:38,63,14.5,15097
2022-08-25T20:30:39,46.5,8,15097
2022-08-25T20:30:40,66,15,15097
2022-08-25T20:30:41,43.5,8.5,15097
2022-08-25T20:30:42,53,13.5,15097
2022-08-25T20:30:43,63.5,12.5,15097
2022-08-25T20:30:44,54,10.5,15097
2022-08-25T20:30:45,66.5,13,15097
2022-08-25T20:30:46,42,7.5,15097
2022-08-25T20:30:47,57.5,14.5,15097
2022-08-25T20:30:48,86.5,16,15097
2022-08-25T20:30:49,72,13.5,15097
2022-08-25T20:30:50,52.5,13.5,15097
2022-08-25T20:30:51,53.5,13,15097
2022-08-25T20:30:52,67.5,16,15097
2022-08-25T20:30:53,66.5,16,15097
2022-08-25T20:30:55,64.5,10,15097
2022-08-25T20:30:56,58,16,15097
2022-08-25T20:30:57,40,10.5,15097
2022-08-25T20:30:58,69,13,15097
2022-08-25T20:30:59,40.5,5.5,15097
2022-08-25T20:31:00,57,13.5,15097
2022-08-25T20:31:01,61.5,13,15097
2022-08-25T20:31:02,62,14,15097
2022-08-25T20:31:03,59,10.5,15097
2022-08-25T20:31:04,63,15.5,15097
2022-08-25T20:31:05,60,13,15097
2022-08-25T20:31:06,50.5,13,15097
2022-08-25T20:31:07,42,8,15097
2022-08-25T20:31:08,54,13,15097
2022-08-25T20:31:09,63.5,14.5,15097
2022-08-25T20:31:10,55.5,12,15097
2022-08-25T20:31:11,49,12,15097
2022-08-25T20:31:12,66.5,15,15097
2022-08-25T20:31:13,57.5,11.5,15097
2022-08-25T20:31:14,65,15,15097
2022-08-25T20:31:15,74,15,15097
2022-08-25T20:31:17,48.5,8,15097
2022-08-25T20:31:18,52,12.5,15097
2022-08-25T20:31:19,63.5,14.5,15097
2022-08-25T20:31:20,45,9.5,15097
2022-08-25T20:31:21,57.5,11.5,15097
2022-08-25T20:31:22,44.5,7.5,15097
2022-08-25T20:31:23,60.5,15,15097
2022-08-25T20:31:24,37.5,8,15097
2022-08-25T20:31:25,54.5,13.5,15097
2022-08-25T20:31:26,69.5,10.5,15097
2022-08-25T20:31:27,57,12.5,15097
2022-08-25T20:31:28,57,13.5,15097
2022-08-25T20:31:29,60.5,14,15097
2022-08-25T20:31:30,53,12.5,15097
2022-08-25T20:31:31,50,12.5,15097
2022-08-25T20:31:32,45,11,15097
2022-08-25T20:31:33,66,15.5,15097
2022-08-25T20:31:34,64.5,10.5,15097
2022-08-25T20:31:35,59.5,11.5,15097
2022-08-25T20:31:36,53.5,12,15097
2022-08-25T20:31:38,57.5,14.5,15097
2022-08-25T20:31:39,65.5,14.5,15097
2022-08-25T20:31:40,45,4,15097
2022-08-25T20:31:41,50,13,15097
2022-08-25T20:31:42,62,15.5,15097
2022-08-25T20:31:43,62,11.5,15097
2022-08-25T20:31:44,60.5,15,15097
2022-08-25T20:31:45,41,3,15097
2022-08-25T20:31:46,60.5,15,15097
2022-08-25T20:31:47,60.5,12.5,15097
2022-08-25T20:31:48,56,11.5,15097
2022-08-25T20:31:49,61.5,14,15097
2022-08-25T20:31:50,62.5,13.5,15097
2022-08-25T20:31:51,56.5,10.5,15097
2022-08-25T20:31:52,57.5,12,15097
2022-08-25T20:31:53,51,10,15097
2022-08-25T20:31:54,44.5,11,15097
2022-08-25T20:31:55,60,14,15097
2022-08-25T20:31:56,54.5,12.5,15097
2022-08-25T20:31:57,41,10,15097
2022-08-25T20:31:59,48.5,10,15097
2022-08-25T20:32:00,45,6.5,15097
2022-08-25T20:32:01,68,17.5,15097
2022-08-25T20:32:02,49.5,2.5,15097
2022-08-25T20:32:03,47.5,13,15097
2022-08-25T20:32:04,62.5,15.5,15097
2022-08-25T20:32:05,65,11.5,15097
2022-08-25T20:32:06,52.5,13,15097
2022-08-25T20:32:07,54.5,14.5,15097
2022-08-25T20:32:08,63,10.5,15097
2022-08-25T20:32:09,42.5,5,15097
2022-08-25T20:32:10,58.5,15,15097
2022-08-25T20:32:11,68.5,11.5,15097
2022-08-25T20:32:12,68,13,15097
2022-08-25T20:32:13,69,11.5,15097
2022-08-25T20:32:14,58,10,15097
2022-08-25T20:32:15,54.5,11,15097
2022-08-25T20:32:16,42,7.5,15097
2022-08-25T20:32:17,56,14,15097
2022-08-25T20:32:18,76,14,15097
2022-08-25T20:32:19,56.5,9.5,15097
2022-08-25T20:32:21,56,14,15097
2022-08-25T20:32:22,72,13,15097
2022-08-25T20:32:23,46.5,12.5,15097
2022-08-25T20:32:24,60.5,15,15097
2022-08-25T20:32:25,73.5,16,15097
2022-08-25T20:32:26,39.5,8,15097
2022-08-25T20:32:27,44.5,11,15097
2022-08-25T20:32:28,61.5,12.5,15097
2022-08-25T20:32:29,64,13.5,15097
2022-08-25T20:32:30,52.5,8.5,15097
2022-08-25T20:32:31,33.5,8,15097
2022-08-25T20:32:32,51.5,12,15097
2022-08-25T20:32:33,54.5,12.5,15097
2022-08-25T20:32:34,57.5,13,15097
2022-08-25T20:32:35,69.5,14,15097
2022-08-25T20:32:36,59.5,11.5,15097
2022-08-25T20:32:37,59,13,15097
2022-08-25T20:32:38,68.5,14,15097
2022-08-25T20:32:39,54,7,15097
2022-08-25T20:32:40,36.5,6.5,15097
2022-08-25T20:32:42,75.5,18.5,15097
2022-08-25T20:32:43,68,7.5,15097
2022-08-25T20:32:44,31.5,7,15097
2022-08-25T20:32:45,49.5,11.5,15097
2022-08-25T20:32:46,65.5,15,15097
2022-08-25T20:32:47,55,11.5,15097
2022-08-25T20:32:48,63.5,12.5,15097
2022-08-25T20:32:49,68,15,15097
2022-08-25T20:32:50,65,14.5,15097
2022-08-25T20:32:51,60,9.5,15097
2022-08-25T20:32:52,54,12.5,15097
2022-08-25T20:32:53,49,8.5,15097
2022-08-25T20:32:54,58.5,13,15097
2022-08-25T20:32:55,57,13,15097
2022-08-25T20:32:56,54,11.5,15097
2022-08-25T20:32:57,44,10,15097
2022-08-25T20:32:58,45,11.5,15097
2022-08-25T20:32:59,49.5,11.5,15097
2022-08-25T20:33:00,55,13,15097
2022-08-25T20:33:01,61,15,15097
2022-08-25T20:33:02,58,13,15097
2022-08-25T20:33:04,56,14,15097
2022-08-25T20:33:05,57.5,11.5,15097
2022-08-25T20:33:06,57,8.5,15097
2022-08-25T20:33:07,55,13,15097
2022-08-25T20:33:08,46.5,11,15097
2022-08-25T20:33:09,60.5,15.5,15097
2022-08-25T20:33:10,78,16.5,15097
2022-08-25T20:33:11,63,11,15097
2022-08-25T20:33:12,62,13,15097
2022-08-25T20:33:13,44,10.5,15097
2022-08-25T20:33:14,64,15,15097
2022-08-25T20:33:15,67.5,8.5,15097
2022-08-25T20:33:16,53.5,9.5,15097
2022-08-25T20:33:17,64,12.5,15097
2022-08-25T20:33:18,53,10.5,15097
2022-08-25T20:33:19,55,14,15097
2022-08-25T20:33:20,56.5,12,15097
2022-08-25T20:33:21,58,12,15097
2022-08-25T20:33:22,57,13.5,15097
2022-08-25T20:33:23,63.5,13,15097
2022-08-25T20:33:25,58.5,13,15097
2022-08-25T20:33:26,45.5,11.5,15097
2022-08-25T20:33:27,56.5,13.5,15097
2022-08-25T20:33:28,69,14.5,15097
2022-08-25T20:33:29,54,13,15097
2022-08-25T20:33:30,69,11.5,15097
2022-08-25T20:33:31,44,6,15097
2022-08-25T20:33:32,50,13,15097
2022-08-25T20:33:33,80.5,15.5,15097
2022-08-25T20:33:34,54,8.5,15097
2022-08-25T20:33:35,46,11,15097
2022-08-25T20:33:36,52,11.5,15097
2022-08-25T20:33:37,58,12,15097
2022-08-25T20:33:38,60,12,15097
2022-08-25T20:33:39,49.5,10,15097
2022-08-25T20:33:40,49.5,12,15097
2022-08-25T20:33:41,61,14,15097
2022-08-25T20:33:42,64.5,15.5,15097
2022-08-25T20:33:43,48,11.5,15097
2022-08-25T20:33:44,51.5,12.5,15097
2022-08-25T20:33:45,56.5,12.5,15097
2022-08-25T20:33:47,69,17,15097
2022-08-25T20:33:48,67.5,10,15097
2022-08-25T20:33:49,36.5,9,15097
2022-08-25T20:33:50,61.5,15.5,15097
2022-08-25T20:33:51,71.5,14.5,15097
2022-08-25T20:33:52,61.5,14,15097
2022-08-25T20:33:53,64.5,9.5,15097
2022-08-25T20:33:54,45.5,10,15097
2022-08-25T20:33:55,48,12,15097
2022-08-25T20:33:56,63.5,14,15097
2022-08-25T20:33:57,62,14,15097
2022-08-25T20:33:58,61.5,14.5,15097
2022-08-25T20:33:59,46.5,11.5,15097
2022-08-25T20:34:00,59.5,16,15097
2022-08-25T20:34:01,59,10.5,15097
2022-08-25T20:34:02,47.5,8.5,15097
2022-08-25T20:34:03,45.5,9.5,15097
2022-08-25T20:34:04,56,12,15097
2022-08-25T20:34:05,58.5,14.5,15097
2022-08-25T20:34:06,60.5,15,15097
2022-08-25T20:34:08,54,10.5,15097
2022-08-25T20:34:09,69.5,16.5,15097
2022-08-25T20:34:10,65.5,7.5,15097
2022-08-25T20:34:11,63.5,16,15097
2022-08-25T20:34:12,62.5,16,15097
2022-08-25T20:34:13,58.5,11,15097
2022-08-25T20:34:14,61,15,15097
2022-08-25T20:34:15,53,11.5,15097
2022-08-25T20:34:16,69.5,13.5,15097
2022-08-25T20:34:17,63.5,15.5,15097
2022-08-25T20:34:18,47.5,7,15097
2022-08-25T20:34:19,46.5,12.5,15097
2022-08-25T20:34:20,62,13,15097
2022-08-25T20:34:21,56,7.5,15097
2022-08-25T20:34:22,39.5,7.5,15097
2022-08-25T20:34:23,56,13.5,15097
2022-08-25T20:34:24,63.5,12,15097
2022-08-25T20:34:25,52,10,15097
2022-08-25T20:34:26,46,9.5,15097
2022-08-25T20:34:27,54.5,10.5,15097
2022-08-25T20:34:28,62.5,10.5,15097
2022-08-25T20:34:30,45.5,3.5,15097
2022-08-25T20:34:31,61,14.5,15097
2022-08-25T20:34:32,45,10.5,15097
2022-08-25T20:34:33,75.5,19,15097
2022-08-25T20:34:34,77.5,11,15097
2022-08-25T20:34:35,43,6.5,15097
2022-08-25T20:34:36,54,12.5,15097
2022-08-25T20:34:37,59.5,14,15097
2022-08-25T20:34:38,48.5,10.5,15097
2022-08-25T20:34:39,53.5,14,15097
2022-08-25T20:34:40,48.5,10,15097
2022-08-25T20:34:41,56,11.5,15097
2022-08-25T20:34:42,67,12.5,15097
2022-08-25T20:34:43,61.5,13,15097
2022-08-25T20:34:44,61,14.5,15097
2022-08-25T20:34:45,64,14,15097
2022-08-25T20:34:46,58.5,11.5,15097
2022-08-25T20:34:47,51.5,11.5,15097
2022-08-25T20:34:48,55.5,12,15097
2022-08-25T20:34:50,40.5,6,15097
2022-08-25T20:34:51,59.5,15,15097
2022-08-25T20:34:52,80.5,13.5,15097
2022-08-25T20:34:53,43.5,10,15097
2022-08-25T20:34:54,56,10,15097
2022-08-25T20:34:55,50,11,15097
2022-08-25T20:34:56,59.5,15,15097
2022-08-25T20:34:57,56,8.5,15097
2022-08-25T20:34:58,74,15.5,15097
2022-08-25T20:34:59,56,9,15097
2022-08-25T20:35:00,59.5,14,15097
2022-08-25T20:35:01,46,7.5,15097
2022-08-25T20:35:02,58.5,15,15097
2022-08-25T20:35:03,63,13.5,15097
2022-08-25T20:35:04,54,9.5,15097
2022-08-25T20:35:05,47.5,11.5,15097
2022-08-25T20:35:06,53.5,13,15097
2022-08-25T20:35:07,59,15.5,15097
2022-08-25T20:35:08,52,11.5,15097
2022-08-25T20:35:09,56.5,12.5,15097
2022-08-25T20:35:11,63.5,15,15098
2022-08-25T20:35:12,78.5,21,15099
2022-08-25T20:35:13,99,27.5,15099
2022-08-25T20:35:14,98,27,15099
2022-08-25T20:35:15,98.5,27,15099
2022-08-25T20:35:16,98,27,15099
2022-08-25T20:35:17,98,27.5,15099
2022-08-25T20:35:18,85.5,24,15099
2022-08-25T20:35:19,75.5,21.5,15099
2022-08-25T20:35:20,87.5,24,15099
2022-08-25T20:35:21,99,27,15099
2022-08-25T20:35:22,99,27,15099
2022-08-25T20:35:23,99,27,15099
2022-08-25T20:35:24,99,27,15099
2022-08-25T20:35:25,99,27,15099
2022-08-25T20:35:26,93.5,26.5,15099
2022-08-25T20:35:27,93.5,26.5,15099
2022-08-25T20:35:28,90.5,25.5,15099
2022-08-25T20:35:29,91.5,25.5,15099
2022-08-25T20:35:30,99,27,15099
2022-08-25T20:35:31,90,24.5,15099
2022-08-25T20:35:33,87,23.5,15099
2022-08-25T20:35:34,98,27,15099
2022-08-25T20:35:35,98,27,15099
2022-08-25T20:35:36,73.5,21,15099
2022-08-25T20:35:37,49,13.5,15099
2022-08-25T20:35:38,62,17,15099
2022-08-25T20:35:39,99,27,15099
2022-08-25T20:35:40,98.5,27,15099
2022-08-25T20:35:41,80.5,22,15099
2022-08-25T20:35:42,99,27,15099
2022-08-25T20:35:43,99,27,15099
2022-08-25T20:35:44,99,27,15099
2022-08-25T20:35:45,99,27,15099
2022-08-25T20:35:46,99,27,15099
2022-08-25T20:35:47,99,27.5,15099
2022-08-25T20:35:48,99,27,15099
2022-08-25T20:35:49,99,27,15099
2022-08-25T20:35:50,99,27,15099
2022-08-25T20:35:51,99,27,15099
2022-08-25T20:35:53,99,27,15099
2022-08-25T20:35:54,93.5,28,15733
2022-08-25T20:35:55,95,26.5,15733
2022-08-25T20:35:56,90.5,26.5,15733
2022-08-25T20:35:57,77.5,21,15733
2022-08-25T20:35:58,98,27,15733
2022-08-25T20:35:59,89.5,25,15733
2022-08-25T20:36:00,94.5,25.5,15733
2022-08-25T20:36:01,99,27,15733
2022-08-25T20:36:02,99,27,15733
2022-08-25T20:36:03,99,27,15733
2022-08-25T20:36:04,99,27,15733
2022-08-25T20:36:05,99,27,15733
2022-08-25T20:36:06,99,27,15733
2022-08-25T20:36:07,99,27,15733
2022-08-25T20:36:08,99,28,15733
2022-08-25T20:36:09,93.5,26,15733
2022-08-25T20:36:10,99,27,15733
2022-08-25T20:36:11,99,27,15733
2022-08-25T20:36:12,94,27,15733
2022-08-25T20:36:14,53.5,15,15733
2022-08-25T20:36:15,74.5,20.5,15733
2022-08-25T20:36:16,98.5,27,15733
2022-08-25T20:36:17,98.5,27,15733
2022-08-25T20:36:18,98.5,27,15733
2022-08-25T20:36:19,98.5,27.5,15733
2022-08-25T20:36:20,99,27,15733
2022-08-25T20:36:21,99,27,15733
2022-08-25T20:36:22,99,27.5,15733
2022-08-25T20:36:23,99,27,15733
2022-08-25T20:36:24,99,27.5,15733
2022-08-25T20:36:25,99,27,15733
2022-08-25T20:36:26,99,27,15733
2022-08-25T20:36:27,99,27.5,15733
2022-08-25T20:36:28,99,27,16265
2022-08-25T20:36:29,88,26,16265
2022-08-25T20:36:30,94,27,16265
2022-08-25T20:36:31,99,27.5,16265
2022-08-25T20:36:32,91,25,16265
2022-08-25T20:36:34,91,25,16265
2022-08-25T20:36:35,99,27,16265
2022-08-25T20:36:36,99,27.5,16265
2022-08-25T20:36:37,88,25,16265
2022-08-25T20:36:38,98.5,27,16265
2022-08-25T20:36:39,99,27,16265
2022-08-25T20:36:40,98.5,27,16265
2022-08-25T20:36:41,99,27,16265
2022-08-25T20:36:42,99,25,16265
2022-08-25T20:36:43,99,14.5,16265
2022-08-25T20:36:44,95.5,13.5,16265
2022-08-25T20:36:45,75,7.5,16265
2022-08-25T20:36:46,93,12,16265
2022-08-25T20:36:47,99,13.5,16265
2022-08-25T20:36:48,99,13.5,16265
2022-08-25T20:36:49,90,11.5,16265
2022-08-25T20:36:50,90.5,11.5,16265
2022-08-25T20:36:51,99,13.5,16265
2022-08-25T20:36:52,99,13.5,16265
2022-08-25T20:36:53,99,13.5,16265
2022-08-25T20:36:54,99,13.5,16265
2022-08-25T20:36:56,99,13.5,16265
2022-08-25T20:36:57,99,13.5,16268
2022-08-25T20:36:58,65.5,6.5,16269
2022-08-25T20:36:59,57,13,16269
2022-08-25T20:37:00,47,9.5,16269
2022-08-25T20:37:01,49.5,12,16269
2022-08-25T20:37:02,43,8.5,16269
2022-08-25T20:37:03,62,13.5,16269
2022-08-25T20:37:04,55.5,11,16269
2022-08-25T20:37:05,61.5,15,16269
2022-08-25T20:37:06,55,13.5,16269
2022-08-25T20:37:07,69.5,17.5,16269
2022-08-25T20:37:08,58,11.5,16269
2022-08-25T20:37:09,56,12.5,16269
2022-08-25T20:37:10,60.5,14.5,16269
2022-08-25T20:37:11,54.5,13.5,16269
2022-08-25T20:37:12,44.5,10.5,16269
2022-08-25T20:37:13,48.5,12,16269
2022-08-25T20:37:14,50.5,12,16269
2022-08-25T20:37:15,59.5,10.5,16269
2022-08-25T20:37:17,74,11,16269
2022-08-25T20:37:18,73,16,16269
2022-08-25T20:37:19,37.5,5,16269
2022-08-25T20:37:20,64.5,15.5,16269
2022-08-25T20:37:21,41,7.5,16269
2022-08-25T20:37:22,55.5,13.5,16269
2022-08-25T20:37:23,72,17,16269
2022-08-25T20:37:24,47,7.5,16269
2022-08-25T20:37:25,56.5,12.5,16269
2022-08-25T20:37:26,52.5,12.5,16269
2022-08-25T20:37:27,66.5,16,16269
2022-08-25T20:37:28,61.5,10.5,16269
2022-08-25T20:37:29,51,10.5,16269
2022-08-25T20:37:30,60.5,15,16269
2022-08-25T20:37:31,46,11,16269
2022-08-25T20:37:32,60.5,14,16269
2022-08-25T20:37:33,55,11,16269
2022-08-25T20:37:34,59,14,16269
2022-08-25T20:37:35,61,11.5,16269
2022-08-25T20:37:36,57,11,16269
2022-08-25T20:37:38,62.5,12,16269
2022-08-25T20:37:39,67.5,17.5,16269
2022-08-25T20:37:40,44.5,9,16269
2022-08-25T20:37:41,64,14,16269
2022-08-25T20:37:42,45,5,16269
2022-08-25T20:37:43,60,15,16269
2022-08-25T20:37:44,46.5,11,16269
2022-08-25T20:37:45,45.5,9.5,16269
2022-08-25T20:37:46,44.5,11.5,16269
2022-08-25T20:37:47,47,10,16269
2022-08-25T20:37:48,60.5,13,16269
2022-08-25T20:37:49,40,5,16269
2022-08-25T20:37:50,51.5,12.5,16269
2022-08-25T20:37:51,60,14.5,16269
2022-08-25T20:37:52,56,12,16269
2022-08-25T20:37:53,51,12,16269
2022-08-25T20:37:54,59,13.5,16269
2022-08-25T20:37:55,65.5,17.5,16269
2022-08-25T20:37:56,61.5,12,16269
2022-08-25T20:37:57,49,7.5,16269
2022-08-25T20:37:59,70,18,16269
2022-08-25T20:38:00,50,6.5,16269
2022-08-25T20:38:01,64.5,16.5,16269
2022-08-25T20:38:02,51.5,7,16269
2022-08-25T20:38:03,54.5,11.5,16269
2022-08-25T20:38:04,56.5,9,16269
2022-08-25T20:38:05,64,15,16269
2022-08-25T20:38:06,49.5,7.5,16269
2022-08-25T20:38:07,65,15,16269
2022-08-25T20:38:08,46.5,9.5,16269
2022-08-25T20:38:09,59.5,15,16269
2022-08-25T20:38:10,56.5,9.5,16269
2022-08-25T20:38:11,52.5,11.5,16269
2022-08-25T20:38:12,63,12.5,16269
2022-08-25T20:38:13,53,10.5,16269
2022-08-25T20:38:14,47.5,10.5,16269
2022-08-25T20:38:15,62.5,13.5,16269
2022-08-25T20:38:16,52.5,9.5,16269
2022-08-25T20:38:17,58,11,16269
2022-08-25T20:38:19,52.5,14,16269
2022-08-25T20:38:20,45.5,11,16269
2022-08-25T20:38:21,40,10,16269
2022-08-25T20:38:22,54,13.5,16269
2022-08-25T20:38:23,58.5,10.5,16269
2022-08-25T20:38:24,48.5,12.5,16269
2022-08-25T20:38:25,58,14,16269
2022-08-25T20:38:26,56,10,16269
2022-08-25T20:38:27,61,15.5,16269
2022-08-25T20:38:28,51,9.5,16269
2022-08-25T20:38:29,66,13.5,16269
2022-08-25T20:38:30,56.5,12,16269
2022-08-25T20:38:31,51.5,11.5,16269
2022-08-25T20:38:32,37.5,9.5,16269
2022-08-25T20:38:33,55.5,12,16269
2022-08-25T20:38:34,60,9,16269
2022-08-25T20:38:35,47.5,9.5,16269
2022-08-25T20:38:36,47.5,12,16269
2022-08-25T20:38:37,41.5,10,16269
2022-08-25T20:38:38,45.5,11,16269
2022-08-25T20:38:39,53.5,11,16269
2022-08-25T20:38:41,68,16.5,16269
2022-08-25T20:38:42,70.5,8.5,16269
2022-08-25T20:38:43,38.5,6,16269
2022-08-25T20:38:44,66.5,16.5,16269
2022-08-25T20:38:45,78.5,15.5,16269
2022-08-25T20:38:46,58.5,13,16269
2022-08-25T20:38:47,63,11.5,16269
2022-08-25T20:38:48,36.5,7.5,16269
2022-08-25T20:38:49,47,12,16269
2022-08-25T20:38:50,58,12.5,16269
2022-08-25T20:38:51,49.5,11,16269
2022-08-25T20:38:52,56.5,14,16269
2022-08-25T20:38:53,47.5,10.5,16269
2022-08-25T20:38:54,55.5,13,16269
2022-08-25T20:38:55,64.5,12,16269
2022-08-25T20:38:56,47.5,5,16269
2022-08-25T20:38:57,53,11.5,16269
2022-08-25T20:38:58,49.5,8.5,16269
2022-08-25T20:38:59,48,10,16269
2022-08-25T20:39:00,52.5,14,16269
2022-08-25T20:39:02,64,9,16269
2022-08-25T20:39:03,79,18.5,16269
2022-08-25T20:39:04,62.5,15,16269
2022-08-25T20:39:05,44.5,7,16269
2022-08-25T20:39:06,49,13,16269
2022-08-25T20:39:07,73,17,16269
2022-08-25T20:39:08,91.5,20.5,16269
2022-08-25T20:39:09,98.5,27.5,16269
2022-08-25T20:39:10,98.5,27,16269
2022-08-25T20:39:11,99,27,16269
2022-08-25T20:39:12,99,27,16269
2022-08-25T20:39:13,94,26.5,16269
2022-08-25T20:39:14,99,27,16269
2022-08-25T20:39:15,99,27,16269
2022-08-25T20:39:16,99,27.5,16269
2022-08-25T20:39:17,93.5,26,16269
2022-08-25T20:39:18,93,25.5,16269
2022-08-25T20:39:19,99,27,16269
2022-08-25T20:39:20,99,27,16269
2022-08-25T20:39:22,94,27.5,16269
2022-08-25T20:39:23,90,26,16269
2022-08-25T20:39:24,98.5,27.5,16269
2022-08-25T20:39:25,98.5,27.5,16269
2022-08-25T20:39:26,98.5,27,16269
2022-08-25T20:39:27,99,27,16269
2022-08-25T20:39:28,81.5,23.5,16269
2022-08-25T20:39:29,98.5,27,16269
2022-08-25T20:39:30,87,24.5,16269
2022-08-25T20:39:31,94,26,16269
2022-08-25T20:39:32,99,27,16269
2022-08-25T20:39:33,99,27,16269
2022-08-25T20:39:34,99,27,16269
2022-08-25T20:39:35,99,27,16269
2022-08-25T20:39:36,99,27,16269
2022-08-25T20:39:37,99,27,16269
2022-08-25T20:39:38,99,27,16269
2022-08-25T20:39:39,99,27,16269
2022-08-25T20:39:40,99,27,16269
2022-08-25T20:39:41,99,27,16269
2022-08-25T20:39:43,94,27,16269
2022-08-25T20:39:44,99,27,16269
2022-08-25T20:39:45,99,27,16269
2022-08-25T20:39:46,89.5,27,16269
2022-08-25T20:39:47,98,27.5,16269
2022-08-25T20:39:48,98.5,27,16269
2022-08-25T20:39:49,99,27,16269
2022-08-25T20:39:50,92.5,26,16269
2022-08-25T20:39:51,84,23.5,16269
2022-08-25T20:39:52,99,27,16269
2022-08-25T20:39:53,93,26,16269
2022-08-25T20:39:54,99,27,16269
2022-08-25T20:39:55,99,27,16269
2022-08-25T20:39:56,99,27,16269
2022-08-25T20:39:57,99,27,16269
2022-08-25T20:39:58,99,27,16269
2022-08-25T20:39:59,99,27,16269
2022-08-25T20:40:00,94,26.5,16269
2022-08-25T20:40:01,94.5,26.5,16269
2022-08-25T20:40:03,99,27,16269
2022-08-25T20:40:04,99,27,16269
2022-08-25T20:40:05,98,27,16269
2022-08-25T20:40:06,98,27,16269
2022-08-25T20:40:07,98,27,16269
2022-08-25T20:40:08,96.5,27.5,16269
2022-08-25T20:40:09,89.5,25.5,16269
2022-08-25T20:40:10,99,27,16269
2022-08-25T20:40:11,99,27,16269
2022-08-25T20:40:12,91.5,26.5,16269
2022-08-25T20:40:13,91,26.5,16269
2022-08-25T20:40:14,99,27,16269
2022-08-25T20:40:15,99,27,16269
2022-08-25T20:40:16,99,27,16269
2022-08-25T20:40:17,99,27.5,16269
2022-08-25T20:40:18,90.5,25.5,16269
2022-08-25T20:40:19,90.5,25.5,16269
2022-08-25T20:40:20,99,27,16269
2022-08-25T20:40:21,99,27,16269
2022-08-25T20:40:22,92.5,26,16269
2022-08-25T20:40:24,93,26,16269
2022-08-25T20:40:25,99,27,16269
2022-08-25T20:40:26,98.5,27,16269
2022-08-25T20:40:27,98,27,16269
2022-08-25T20:40:28,98,27,16269
2022-08-25T20:40:29,98.5,27,16269
2022-08-25T20:40:30,94,26.5,16269
2022-08-25T20:40:31,97,26.5,16269
2022-08-25T20:40:32,99,27,16269
2022-08-25T20:40:33,93.5,26,16269
2022-08-25T20:40:34,99,27,16269
2022-08-25T20:40:35,94,27,16269
2022-08-25T20:40:36,99,27,16269
2022-08-25T20:40:37,99,25,16269
2022-08-25T20:40:38,99,17,16269
2022-08-25T20:40:39,92,12,16269
2022-08-25T20:40:40,92,11.5,16269
2022-08-25T20:40:41,99,13.5,16269
2022-08-25T20:40:42,99,13.5,16269
2022-08-25T20:40:43,99,13.5,16269
2022-08-25T20:40:44,99,13.5,16269
2022-08-25T20:40:46,99,13.5,16269
2022-08-25T20:40:47,94,13.5,16269
2022-08-25T20:40:48,98.5,13.5,16269
2022-08-25T20:40:49,98.5,13.5,16269
2022-08-25T20:40:50,81.5,9.5,16273
2022-08-25T20:40:51,48,9.5,16273
2022-08-25T20:40:52,60,14,16273
2022-08-25T20:40:53,42,9,16273
2022-08-25T20:40:54,60,15,16273
2022-08-25T20:40:55,68.5,13.5,16273
2022-08-25T20:40:56,53.5,12,16273
2022-08-25T20:40:57,51,10.5,16273
2022-08-25T20:40:58,54,13,16273
2022-08-25T20:40:59,61,15.5,16273
2022-08-25T20:41:00,62,16,16273
2022-08-25T20:41:01,64,14,16273
2022-08-25T20:41:02,65.5,13,16273
2022-08-25T20:41:03,62.5,13.5,16273
2022-08-25T20:41:04,57,11.5,16273
2022-08-25T20:41:05,59,13,16273
2022-08-25T20:41:07,50.5,11,16273
2022-08-25T20:41:08,57,13.5,16273
2022-08-25T20:41:09,78,15,16273
2022-08-25T20:41:10,51,11,16273
2022-08-25T20:41:11,61.5,11.5,16273
2022-08-25T20:41:12,53,12.5,16273
2022-08-25T20:41:13,43,9,16273
2022-08-25T20:41:14,47,12,16273
2022-08-25T20:41:15,69,16.5,16273
2022-08-25T20:41:16,56,9.5,16273
2022-08-25T20:41:17,52.5,13,16273
2022-08-25T20:41:18,44.5,10,16273
2022-08-25T20:41:19,52.5,13.5,16273
2022-08-25T20:41:20,54,12,16273
2022-08-25T20:41:21,61.5,14.5,16273
2022-08-25T20:41:22,65.5,11,16273
2022-08-25T20:41:23,36,1.5,16273
2022-08-25T20:41:24,51,9.5,16273
2022-08-25T20:41:25,55,11.5,16273
2022-08-25T20:41:26,46.5,10,16273
2022-08-25T20:41:28,53,11.5,16273
2022-08-25T20:41:29,49,5.5,16273
2022-08-25T20:41:30,62.5,15.5,16273
2022-08-25T20:41:31,42.5,7.5,16273
2022-08-25T20:41:32,56.5,13.5,16273
2022-08-25T20:41:33,73.5,16,16273
2022-08-25T20:41:34,54,11,16273
2022-08-25T20:41:35,55.5,13,16273
2022-08-25T20:41:36,63,12,16273
2022-08-25T20:41:37,57,12,16273
2022-08-25T20:41:38,73,14.5,16273
2022-08-25T20:41:39,44.5,3.5,16273
2022-08-25T20:41:40,60,13.5,16273
2022-08-25T20:41:41,63.5,14,16273
2022-08-25T20:41:42,57,12.5,16273
2022-08-25T20:41:43,69,13,16273
2022-08-25T20:41:44,61.5,12,16273
2022-08-25T20:41:45,55,11.5,16273
2022-08-25T20:41:46,47,9.5,16273
2022-08-25T20:41:47,45,11,16273
2022-08-25T20:41:49,46.5,12,16273
2022-08-25T20:41:50,64,15,16273
2022-08-25T20:41:51,62,7.5,16273
2022-08-25T20:41:52,39.5,7.5,16273
2022-08-25T20:41:53,65,17,16273
2022-08-25T20:41:54,68,12.5,16273
2022-08-25T20:41:55,49.5,10,16273
2022-08-25T20:41:56,69.5,13,16273
2022-08-25T20:41:57,37,4.5,16273
2022-08-25T20:41:58,51.5,13,16273
2022-08-25T20:41:59,66,15,16273
2022-08-25T20:42:00,60,13.5,16273
2022-08-25T20:42:01,54.5,12.5,16273
2022-08-25T20:42:02,59,13.5,16273
2022-08-25T20:42:03,50,6,16273
2022-08-25T20:42:04,52.5,10,16273
2022-08-25T20:42:05,53,12,16273
2022-08-25T20:42:06,50,11.5,16273
2022-08-25T20:42:07,66,14.5,16273
2022-08-25T20:42:08,57,9.5,16273
2022-08-25T20:42:10,55.5,14.5,16273
2022-08-25T20:42:11,66,16,16273
2022-08-25T20:42:12,46,10.5,16273
2022-08-25T20:42:13,63,12,16273
2022-08-25T20:42:14,39,8.5,16273
2022-08-25T20:42:15,51.5,13,16273
2022-08-25T20:42:16,58.5,12,16273
2022-08-25T20:42:17,67,15,16273
2022-08-25T20:42:18,54.5,7.5,16273
2022-08-25T20:42:19,40,9.5,16273
2022-08-25T20:42:20,63.5,15.5,16273
2022-08-25T20:42:21,60,9,16273
2022-08-25T20:42:22,61,11.5,16273
2022-08-25T20:42:23,85.5,14,16273
2022-08-25T20:42:24,66,14,16273
2022-08-25T20:42:25,58,12,16273
2022-08-25T20:42:26,66,13.5,16273
2022-08-25T20:42:27,62.5,13,16273
2022-08-25T20:42:28,54,12.5,16273
2022-08-25T20:42:29,56,13,16273
2022-08-25T20:42:31,68,14.5,16273
2022-08-25T20:42:32,59.5,7,16273
2022-08-25T20:42:33,75.5,17.5,16273
2022-08-25T20:42:34,64,14.5,16273
2022-08-25T20:42:35,49,10.5,16273
2022-08-25T20:42:36,52.5,12.5,16273
2022-08-25T20:42:37,61,15,16273
2022-08-25T20:42:38,64,14.5,16273
2022-08-25T20:42:39,69.5,12,16273
2022-08-25T20:42:40,39,4.5,16273
2022-08-25T20:42:41,56,13,16273
2022-08-25T20:42:42,62,15,16273
2022-08-25T20:42:43,51.5,5,16273
2022-08-25T20:42:44,47.5,10,16273
2022-08-25T20:42:45,48.5,12,16273
2022-08-25T20:42:46,42,9.5,16273
2022-08-25T20:42:47,35,8,16273
2022-08-25T20:42:48,37.5,9,16273
2022-08-25T20:42:49,48.5,11,16273
2022-08-25T20:42:50,55.5,10.5,16273
2022-08-25T20:42:51,45.5,10,16273
2022-08-25T20:42:53,68,17.5,16273
2022-08-25T20:42:54,71.5,12.5,16273
2022-08-25T20:42:55,42.5,8,16273
2022-08-25T20:42:56,63,13,16273
2022-08-25T20:42:57,56.5,14.5,16273
2022-08-25T20:42:58,73.5,17.5,16273
2022-08-25T20:42:59,91.5,20.5,16273
2022-08-25T20:43:00,99,27,16273
2022-08-25T20:43:01,99,27,16273
2022-08-25T20:43:02,99,27,16273
2022-08-25T20:43:03,99,27.5,16273
2022-08-25T20:43:04,99,27,16273
2022-08-25T20:43:05,99,27,16273
2022-08-25T20:43:06,93,26,16273
2022-08-25T20:43:07,89.5,26,16273
2022-08-25T20:43:08,93,26,16273
2022-08-25T20:43:09,99,27,16273
2022-08-25T20:43:10,99,27,16273
2022-08-25T20:43:11,99,27,16273
2022-08-25T20:43:12,99,27,16273
2022-08-25T20:43:13,99,27,16273
2022-08-25T20:43:15,99,27,16273
2022-08-25T20:43:16,74,22.5,16273
2022-08-25T20:43:17,85.5,23.5,16273
2022-08-25T20:43:18,98,27,16273
2022-08-25T20:43:19,98,27.5,16273
2022-08-25T20:43:20,98,27,16273
2022-08-25T20:43:21,99,27.5,16273
2022-08-25T20:43:22,99,27,16273
2022-08-25T20:43:23,99,27,16273
2022-08-25T20:43:24,99,27,16273
2022-08-25T20:43:25,99,27,16273
2022-08-25T20:43:26,99,27,16273
2022-08-25T20:43:27,99,27,16273
2022-08-25T20:43:28,99,27,16273
2022-08-25T20:43:29,99,27,16273
2022-08-25T20:43:30,98.5,28,16273
2022-08-25T20:43:31,94.5,27,16273
2022-08-25T20:43:32,99,27,16273
2022-08-25T20:43:33,99,27,16273
2022-08-25T20:43:34,99,27,16273
2022-08-25T20:43:36,90,25,16273
2022-08-25T20:43:37,99,27,16273
2022-08-25T20:43:38,95.5,29,16273
2022-08-25T20:43:39,90.5,25,16273
2022-08-25T20:43:40,98,27.5,16273
2022-08-25T20:43:41,98,27,16273
2022-08-25T20:43:42,98.5,27,16273
2022-08-25T20:43:43,87.5,24.5,16273
2022-08-25T20:43:44,98,27,16273
2022-08-25T20:43:45,99,27,16273
2022-08-25T20:43:46,99,27,16273
2022-08-25T20:43:47,99,27.5,16273
2022-08-25T20:43:48,95.5,27,16273
2022-08-25T20:43:49,98.5,27,16273
2022-08-25T20:43:50,94.5,26,16273
2022-08-25T20:43:51,95,26,16273
2022-08-25T20:43:52,99,27,16273
2022-08-25T20:43:53,99,27,16273
2022-08-25T20:43:54,99,27,16273
2022-08-25T20:43:55,92.5,25.5,16273
2022-08-25T20:43:57,93,26,16273
2022-08-25T20:43:58,98.5,27.5,16273
2022-08-25T20:43:59,98,27,16273
2022-08-25T20:44:00,88,25.5,16273
2022-08-25T20:44:01,98,27.5,16273
2022-08-25T20:44:02,98,27,16273
2022-08-25T20:44:03,93,26.5,16273
2022-08-25T20:44:04,93,26.5,16273
2022-08-25T20:44:05,99,27,16273
2022-08-25T20:44:06,99,27,16273
2022-08-25T20:44:07,88.5,25.5,16273
2022-08-25T20:44:08,77.5,22.5,16273
2022-08-25T20:44:09,88.5,24,16273
2022-08-25T20:44:10,99,27,16273
2022-08-25T20:44:11,99,27,16273
2022-08-25T20:44:12,99,27,16273
2022-08-25T20:44:13,99,27,16273
2022-08-25T20:44:14,99,27.5,16273
2022-08-25T20:44:15,99,27,16273
2022-08-25T20:44:16,99,27,16273
2022-08-25T20:44:18,99,27.5,16273
2022-08-25T20:44:19,98.5,27,16273
2022-08-25T20:44:20,98.5,27.5,16273
2022-08-25T20:44:21,98.5,27,16273
2022-08-25T20:44:22,98.5,27,16273
2022-08-25T20:44:23,91,26.5,16273
2022-08-25T20:44:24,94,27,16273
2022-08-25T20:44:25,99,27,16273
2022-08-25T20:44:26,99,27,16273
2022-08-25T20:44:27,99,27,16273
2022-08-25T20:44:28,99,26,16273
2022-08-25T20:44:29,99,16,16273
2022-08-25T20:44:30,93,12.5,16273
2022-08-25T20:44:31,93,12.5,16273
2022-08-25T20:44:32,99,13.5,16273
2022-08-25T20:44:33,99,13.5,16273
2022-08-25T20:44:34,99,13.5,16273
2022-08-25T20:44:35,99,13.5,16273
2022-08-25T20:44:36,99,13.5,16273
2022-08-25T20:44:37,96,13.5,16273
2022-08-25T20:44:39,98.5,13.5,16273
2022-08-25T20:44:40,98.5,13.5,16273
2022-08-25T20:44:41,68.5,5.5,16273
2022-08-25T20:44:42,52,8.5,16273
2022-08-25T20:44:43,68,17.5,16273
2022-08-25T20:44:44,40.5,3,16273
2022-08-25T20:44:45,52,14,16273
2022-08-25T20:44:46,58.5,13.5,16273
2022-08-25T20:44:47,60.5,9,16273
2022-08-25T20:44:48,47.5,9,16273
2022-08-25T20:44:49,55.5,14,16273
2022-08-25T20:44:50,57,12.5,16273
2022-08-25T20:44:51,55.5,13,16273
2022-08-25T20:44:52,63,12,16273
2022-08-25T20:44:53,49.5,6.5,16273
2022-08-25T20:44:54,53.5,13,16273
2022-08-25T20:44:55,52,12,16273
2022-08-25T20:44:56,50.5,11.5,16273
2022-08-25T20:44:57,56.5,14.5,16273
2022-08-25T20:44:58,65,12,16273
2022-08-25T20:45:00,63,10.5,16273
2022-08-25T20:45:01,78,12.5,16273
2022-08-25T20:45:02,36,8.5,16273
2022-08-25T20:45:03,70.5,18,16273
2022-08-25T20:45:04,65.5,9.5,16273
2022-08-25T20:45:05,51,13,16273
2022-08-25T20:45:06,64,15,16273
2022-08-25T20:45:07,53,9.5,16273
2022-08-25T20:45:08,64.5,16.5,16273
2022-08-25T20:45:09,57,8.5,16273
2022-08-25T20:45:10,57,12.5,16273
2022-08-25T20:45:11,52.5,13.5,16273
2022-08-25T20:45:12,57,15,16273
2022-08-25T20:45:13,63,13.5,16273
2022-08-25T20:45:14,67.5,14.5,16273
2022-08-25T20:45:15,69.5,17,16273
2022-08-25T20:45:16,52,12,16273
2022-08-25T20:45:17,50.5,11.5,16273
2022-08-25T20:45:18,51,11.5,16273
2022-08-25T20:45:19,48.5,10,16273
2022-08-25T20:45:21,37,9,16273
2022-08-25T20:45:22,59,14,16273
2022-08-25T20:45:23,49.5,8,16273
2022-08-25T20:45:24,62,14,16273
2022-08-25T20:45:25,59.5,10.5,16273
2022-08-25T20:45:26,71.5,17.5,16273
2022-08-25T20:45:27,46.5,12,16273
2022-08-25T20:45:28,64.5,16,16273
2022-08-25T20:45:29,53,8.5,16273
2022-08-25T20:45:30,51.5,13,16273
2022-08-25T20:45:31,58.5,12.5,16273
2022-08-25T20:45:32,60.5,14,16273
2022-08-25T20:45:33,53,10.5,16273
2022-08-25T20:45:34,58.5,15.5,16273
2022-08-25T20:45:35,54.5,13.5,16273
2022-08-25T20:45:36,53,12.5,16273
2022-08-25T20:45:37,47.5,9.5,16273
2022-08-25T20:45:38,57.5,13,16273
2022-08-25T20:45:39,68,17,16273
2022-08-25T20:45:40,52,12.5,16273
2022-08-25T20:45:42,45.5,12.5,16273
2022-08-25T20:45:43,68.5,17.5,16273
2022-08-25T20:45:44,56.5,8,16273
2022-08-25T20:45:45,61,15.5,16273
2022-08-25T20:45:46,41.5,7.5,16273
2022-08-25T20:45:47,65,13,16273
2022-08-25T20:45:48,45,9,16273
2022-08-25T20:45:49,45,10,16273
2022-08-25T20:45:50,53.5,12.5,16273
2022-08-25T20:45:51,46,9.5,16273
2022-08-25T20:45:52,55,13.5,16273
2022-08-25T20:45:53,43.5,10,16273
2022-08-25T20:45:54,57,13.5,16273
2022-08-25T20:45:55,45,8,16273
2022-08-25T20:45:56,64.5,12,16273
2022-08-25T20:45:57,73,10,16273
2022-08-25T20:45:58,53.5,10,16273
2022-08-25T20:45:59,53,11,16273
2022-08-25T20:46:00,60.5,12,16273
2022-08-25T20:46:01,56.5,13.5,16273
2022-08-25T20:46:03,55.5,14.5,16273
2022-08-25T20:46:04,64.5,17,16273
2022-08-25T20:46:05,48,10.5,16273
2022-08-25T20:46:06,52.5,12,16273
2022-08-25T20:46:07,57.5,13.5,16273
2022-08-25T20:46:08,64,14.5,16273
2022-08-25T20:46:09,63.5,12,16273
2022-08-25T20:46:10,61,14.5,16273
2022-08-25T20:46:11,61.5,14,16273
2022-08-25T20:46:12,46.5,10,16273
2022-08-25T20:46:13,46,11,16273
2022-08-25T20:46:14,48,10.5,16273
2022-08-25T20:46:15,59,14.5,16273
2022-08-25T20:46:16,60,11,16273
2022-08-25T20:46:17,51,9.5,16273
2022-08-25T20:46:18,57.5,14,16273
2022-08-25T20:46:19,56,14,16273
2022-08-25T20:46:20,63,13.5,16273
2022-08-25T20:46:21,56,10,16273
2022-08-25T20:46:22,49,10,16273
2022-08-25T20:46:24,59,14.5,16273
2022-08-25T20:46:25,46.5,11,16273
2022-08-25T20:46:26,69,11.5,16273
2022-08-25T20:46:27,50,13,16273
2022-08-25T20:46:28,48.5,7,16273
2022-08-25T20:46:29,56,14,16273
2022-08-25T20:46:30,51.5,11.5,16273
2022-08-25T20:46:31,54,10.5,16273
2022-08-25T20:46:32,55.5,13.5,16273
2022-08-25T20:46:33,46,9.5,16273
2022-08-25T20:46:34,53.5,12,16273
2022-08-25T20:46:35,46,9,16273
2022-08-25T20:46:36,56,10.5,16273
2022-08-25T20:46:37,58,12,16273
2022-08-25T20:46:38,60,14.5,16273
2022-08-25T20:46:39,48.5,11,16273
2022-08-25T20:46:40,62,13,16273
2022-08-25T20:46:41,61,8,16273
2022-08-25T20:46:42,49,11,16273
2022-08-25T20:46:43,54.5,14,16273
2022-08-25T20:46:45,69,14.5,16273
2022-08-25T20:46:46,70,17.5,16273
2022-08-25T20:46:47,63,14,16273
2022-08-25T20:46:48,92,24,16273
2022-08-25T20:46:49,92,26.5,16273
2022-08-25T20:46:50,90,25,16273
2022-08-25T20:46:51,98.5,27,16273
2022-08-25T20:46:52,99,27,16273
2022-08-25T20:46:53,91.5,25.5,16273
2022-08-25T20:46:54,99,27.5,16273
2022-08-25T20:46:55,99,27,16273
2022-08-25T20:46:56,99,27,16273
2022-08-25T20:46:57,90,25,16273
2022-08-25T20:46:58,94,25.5,16273
2022-08-25T20:46:59,99,27.5,16273
2022-08-25T20:47:00,99,27,16273
2022-08-25T20:47:01,99,27,16273
2022-08-25T20:47:02,95,26.5,16273
2022-08-25T20:47:03,95,26.5,16273
2022-08-25T20:47:04,99,27,16273
2022-08-25T20:47:06,99,27,16273
2022-08-25T20:47:07,98,27,16273
2022-08-25T20:47:08,91,25.5,16273
2022-08-25T20:47:09,98,27.5,16273
2022-08-25T20:47:10,98,27,16273
2022-08-25T20:47:11,99,27,16273
2022-08-25T20:47:12,93,27,16273
2022-08-25T20:47:13,92.5,27,16273
2022-08-25T20:47:14,99,27,16273
2022-08-25T20:47:15,89,25,16273
2022-08-25T20:47:16,99,27,16273
2022-08-25T20:47:17,99,27,16273
2022-08-25T20:47:18,99,27,16273
2022-08-25T20:47:19,99,27.5,16273
2022-08-25T20:47:20,92.5,26,16273
2022-08-25T20:47:21,97,26.5,16273
2022-08-25T20:47:22,99,27,16273
2022-08-25T20:47:23,99,27,16273
2022-08-25T20:47:24,99,27,16273
2022-08-25T20:47:25,99,27,16273
2022-08-25T20:47:27,99,27.5,16273
2022-08-25T20:47:28,86,25,16273
2022-08-25T20:47:29,96.5,27,16273
2022-08-25T20:47:30,93,28,16273
2022-08-25T20:47:31,98,27,16273
2022-08-25T20:47:32,98.5,27,16273
2022-08-25T20:47:33,99,27.5,16273
2022-08-25T20:47:34,99,27.5,16273
2022-08-25T20:47:35,86,24,16273
2022-08-25T20:47:36,87,23.5,16273
2022-08-25T20:47:37,99,27,16273
2022-08-25T20:47:38,99,27.5,16273
2022-08-25T20:47:39,99,27.5,16273
2022-08-25T20:47:40,99,27,16273
2022-08-25T20:47:41,99,27,16273
2022-08-25T20:47:42,99,27,16273
2022-08-25T20:47:43,99,27,16273
2022-08-25T20:47:44,93.5,26.5,16273
2022-08-25T20:47:45,93.5,26.5,16273
2022-08-25T20:47:46,99,27,16273
2022-08-25T20:47:48,99,27,16273
2022-08-25T20:47:49,99,27,16273
2022-08-25T20:47:50,99,27,16273
2022-08-25T20:47:51,98,27,16273
2022-08-25T20:47:52,92,26,16273
2022-08-25T20:47:53,98.5,27,16273
2022-08-25T20:47:54,99,27,16273
2022-08-25T20:47:55,99,27,16273
2022-08-25T20:47:56,90.5,25,16273
2022-08-25T20:47:57,81.5,24.5,16273
2022-08-25T20:47:58,95,26,16273
2022-08-25T20:47:59,99,27,16273
2022-08-25T20:48:00,99,27,16273
2022-08-25T20:48:01,99,27,16273
2022-08-25T20:48:02,99,27,16273
2022-08-25T20:48:03,97,27,16273
2022-08-25T20:48:04,93.5,26,16273
2022-08-25T20:48:05,99,27,16273
2022-08-25T20:48:06,96,27,16273
2022-08-25T20:48:08,96,27,16273
2022-08-25T20:48:09,99,27,16273
2022-08-25T20:48:10,87.5,24.5,16273
2022-08-25T20:48:11,98,27.5,16273
2022-08-25T20:48:12,98.5,27,16273
2022-08-25T20:48:13,98.5,27,16273
2022-08-25T20:48:14,85.5,24.5,16273
2022-08-25T20:48:15,95,26,16273
2022-08-25T20:48:16,99,27,16273
2022-08-25T20:48:17,99,25,16273
2022-08-25T20:48:18,99,14.5,16273
2022-08-25T20:48:19,99,13.5,16273
2022-08-25T20:48:20,99,13.5,16273
2022-08-25T20:48:21,99,13.5,16273
2022-08-25T20:48:22,99,13.5,16273
2022-08-25T20:48:23,99,13.5,16273
2022-08-25T20:48:24,99,13.5,16273
2022-08-25T20:48:25,99,13.5,16273
2022-08-25T20:48:26,99,13.5,16273
2022-08-25T20:48:27,99,13.5,16273
2022-08-25T20:48:28,99,13.5,16273
2022-08-25T20:48:30,69.5,8,16273
2022-08-25T20:48:31,49,9.5,16273
2022-08-25T20:48:32,67.5,17,16273
2022-08-25T20:48:33,69.5,16.5,16273
2022-08-25T20:48:34,38,4,16273
2022-08-25T20:48:35,41.5,11.5,16273
2022-08-25T20:48:36,51,12.5,16273
2022-08-25T20:48:37,61.5,12.5,16273
2022-08-25T20:48:38,62.5,15,16273
2022-08-25T20:48:39,63.5,14.5,16273
2022-08-25T20:48:40,59,14.5,16273
2022-08-25T20:48:41,53,12,16273
2022-08-25T20:48:42,57,13.5,16273
2022-08-25T20:48:43,59,13,16273
2022-08-25T20:48:44,60,12,16273
2022-08-25T20:48:45,54,11,16273
2022-08-25T20:48:46,53,12,16273
2022-08-25T20:48:47,67,14.5,16273
2022-08-25T20:48:48,61.5,8.5,16273
2022-08-25T20:48:49,55.5,11.5,16273
2022-08-25T20:48:50,61,15.5,16273
2022-08-25T20:48:52,56,6,16273
2022-08-25T20:48:53,59,15,16273
2022-08-25T20:48:54,44.5,11,16273
2022-08-25T20:48:55,54.5,12.5,16273
2022-08-25T20:48:56,43.5,7,16273
2022-08-25T20:48:57,51,12.5,16273
2022-08-25T20:48:58,73,16,16273
2022-08-25T20:48:59,55.5,10.5,16273
2022-08-25T20:49:00,51.5,13,16273
2022-08-25T20:49:01,58.5,14,16273
2022-08-25T20:49:02,59,13.5,16273
2022-08-25T20:49:03,65.5,14,16273
2022-08-25T20:49:04,59,12.5,16273
2022-08-25T20:49:05,67,14.5,16273
2022-08-25T20:49:06,54.5,11,16273
2022-08-25T20:49:07,64.5,14,16273
2022-08-25T20:49:08,58.5,8,16273
2022-08-25T20:49:09,59.5,11.5,16273
2022-08-25T20:49:10,69,17.5,16273
2022-08-25T20:49:11,57.5,10,16273
2022-08-25T20:49:13,44.5,11.5,16273
2022-08-25T20:49:14,41.5,10.5,16273
2022-08-25T20:49:15,37.5,9,16273
2022-08-25T20:49:16,42.5,8,16273
2022-08-25T20:49:17,39,10,16273
2022-08-25T20:49:18,64,15,16273
2022-08-25T20:49:19,46.5,5.5,16273
2022-08-25T20:49:20,70,17,16273
2022-08-25T20:49:21,64.5,11.5,16273
2022-08-25T20:49:22,56.5,13.5,16273
2022-08-25T20:49:23,53.5,13,16273
2022-08-25T20:49:24,51.5,13,16273
2022-08-25T20:49:25,55.5,13,16273
2022-08-25T20:49:26,58,14.5,16273
2022-08-25T20:49:27,53.5,12,16273
2022-08-25T20:49:28,55,12,16273
2022-08-25T20:49:29,55,12,16273
2022-08-25T20:49:30,56.5,14,16273
2022-08-25T20:49:31,46.5,12,16273
2022-08-25T20:49:32,69,14.5,16273
2022-08-25T20:49:33,63,9.5,16273
2022-08-25T20:49:35,64.5,13.5,16273
2022-08-25T20:49:36,44.5,8,16273
2022-08-25T20:49:37,58.5,14.5,16273
2022-08-25T20:49:38,49.5,11.5,16273
2022-08-25T20:49:39,38,10.5,16273
2022-08-25T20:49:40,65.5,17,16273
2022-08-25T20:49:41,56.5,12.5,16273
2022-08-25T20:49:42,49.5,11,16273
2022-08-25T20:49:43,63,13,16273
2022-08-25T20:49:44,48,10,16273
2022-08-25T20:49:45,54.5,10,16273
2022-08-25T20:49:46,48,9.5,16273
2022-08-25T20:49:47,62,15.5,16273
2022-08-25T20:49:48,71.5,13.5,16273
2022-08-25T20:49:49,52.5,8,16273
2022-08-25T20:49:50,52,13.5,16273
2022-08-25T20:49:51,62,13.5,16273
2022-08-25T20:49:52,55.5,11.5,16273
2022-08-25T20:49:53,50.5,13.5,16273
2022-08-25T20:49:54,63,13.5,16273
2022-08-25T20:49:55,60.5,13.5,16273
2022-08-25T20:49:57,71,18,16273
2022-08-25T20:49:58,58.5,7.5,16273
2022-08-25T20:49:59,43.5,10,16273
2022-08-25T20:50:00,52.5,12,16273
2022-08-25T20:50:01,58.5,15,16273
2022-08-25T20:50:02,48,8,16273
2022-08-25T20:50:03,60.5,15,16273
2022-08-25T20:50:04,58.5,14.5,16273
2022-08-25T20:50:05,68.5,16,16273
2022-08-25T20:50:06,54.5,10.5,16273
2022-08-25T20:50:07,49.5,10,16273
2022-08-25T20:50:08,55.5,11.5,16273
2022-08-25T20:50:09,67,13.5,16273
2022-08-25T20:50:10,60.5,13,16273
2022-08-25T20:50:11,56.5,11.5,16273
2022-08-25T20:50:12,62.5,11,16273
2022-08-25T20:50:13,63,10,16273
2022-08-25T20:50:14,56.5,9.5,16273
2022-08-25T20:50:15,61.5,15,16273
2022-08-25T20:50:16,60,10,16273
2022-08-25T20:50:18,42.5,11,16273
2022-08-25T20:50:19,42,8,16273
2022-08-25T20:50:20,65.5,15.5,16273
2022-08-25T20:50:21,47,11,16273
2022-08-25T20:50:22,58.5,15,16273
2022-08-25T20:50:23,60,12,16273
2022-08-25T20:50:24,38,5,16273
2022-08-25T20:50:25,58.5,14.5,16273
2022-08-25T20:50:26,54,11,16273
2022-08-25T20:50:27,65,14,16273
2022-08-25T20:50:28,73.5,14,16273
2022-08-25T20:50:29,54,10,16273
2022-08-25T20:50:30,48,11,16273
2022-08-25T20:50:31,58.5,14,16273
2022-08-25T20:50:32,70.5,16.5,16273
2022-08-25T20:50:33,63,12,16273
2022-08-25T20:50:34,45,8.5,16273
2022-08-25T20:50:35,74,18,16273
2022-08-25T20:50:36,89.5,19.5,16273
2022-08-25T20:50:37,94.5,24,16273
2022-08-25T20:50:38,99,27,16273
2022-08-25T20:50:40,93.5,26.5,16273
2022-08-25T20:50:41,98.5,27,16273
2022-08-25T20:50:42,88.5,25.5,16273
2022-08-25T20:50:43,89,25,16273
2022-08-25T20:50:44,98.5,27.5,16273
2022-08-25T20:50:45,98.5,27,16273
2022-08-25T20:50:46,91.5,26,16273
2022-08-25T20:50:47,90,25.5,16273
2022-08-25T20:50:48,99,27.5,16273
2022-08-25T20:50:49,99,27.5,16273
2022-08-25T20:50:50,92,26,16273
2022-08-25T20:50:51,99,27,16273
2022-08-25T20:50:52,99,27,16273
2022-08-25T20:50:53,99,27,16273
2022-08-25T20:50:54,99,27,16273
2022-08-25T20:50:55,99,27,16273
2022-08-25T20:50:56,93.5,26,16273
2022-08-25T20:50:57,94,26.5,16273
2022-08-25T20:50:58,99,27,16273
2022-08-25T20:50:59,90,25.5,16273
2022-08-25T20:51:01,99,27,16273
2022-08-25T20:51:02,98.5,27.5,16273
2022-08-25T20:51:03,98.5,27,16273
2022-08-25T20:51:04,87,24.5,16273
2022-08-25T20:51:05,98.5,27.5,16273
2022-08-25T20:51:06,99,27.5,16273
2022-08-25T20:51:07,99,27,16273
2022-08-25T20:51:08,99,27,16273
2022-08-25T20:51:09,99,27,16273
2022-08-25T20:51:10,99,27,16273
2022-08-25T20:51:11,93.5,26.5,16273
2022-08-25T20:51:12,94,26.5,16273
2022-08-25T20:51:13,99,27,16273
2022-08-25T20:51:14,99,27,16273
2022-08-25T20:51:15,91,26.5,16273
2022-08-25T20:51:16,88,24.5,16273
2022-08-25T20:51:17,93.5,26,16273
2022-08-25T20:51:18,99,27,16273
2022-08-25T20:51:19,99,27,16273
2022-08-25T20:51:20,99,27.5,16273
2022-08-25T20:51:22,99,27,16273
2022-08-25T20:51:23,99,27,16273
2022-08-25T20:51:24,99,27.5,16273
2022-08-25T20:51:25,98,27,16273
2022-08-25T20:51:26,94.5,27,16273
2022-08-25T20:51:27,94.5,27,16273
2022-08-25T20:51:28,98.5,27,16273
2022-08-25T20:51:29,86.5,24,16273
2022-08-25T20:51:30,93,26.5,16273
2022-08-25T20:51:31,90.5,26,16273
2022-08-25T20:51:32,99,27,16273
2022-08-25T20:51:33,99,27.5,16273
2022-08-25T20:51:34,99,27,16273
2022-08-25T20:51:35,99,27,16273
2022-08-25T20:51:36,99,27.5,16273
2022-08-25T20:51:37,99,27,16273
2022-08-25T20:51:38,93,26,16273
2022-08-25T20:51:39,93,26,16273
2022-08-25T20:51:40,99,27,16273
2022-08-25T20:51:41,99,27,16273
2022-08-25T20:51:43,99,27,16273
2022-08-25T20:51:44,99,27.5,16273
2022-08-25T20:51:45,85.5,23.5,16273
2022-08-25T20:51:46,90,25.5,16273
2022-08-25T20:51:47,96.5,27,16273
2022-08-25T20:51:48,98.5,27,16273
2022-08-25T20:51:49,98.5,27,16273
2022-08-25T20:51:50,99,27,16273
2022-08-25T20:51:51,99,27,16273
2022-08-25T20:51:52,99,27.5,16273
2022-08-25T20:51:53,99,27,16273
2022-08-25T20:51:54,93.5,26.5,16273
2022-08-25T20:51:55,99,27,16273
2022-08-25T20:51:56,99,27,16273
2022-08-25T20:51:57,99,27,16273
2022-08-25T20:51:58,99,27,16273
2022-08-25T20:51:59,99,27,16273
2022-08-25T20:52:00,99,27,16273
2022-08-25T20:52:01,91,25.5,16273
2022-08-25T20:52:02,91,25.5,16273
2022-08-25T20:52:04,99,27,16273
2022-08-25T20:52:05,99,27,16273
2022-08-25T20:52:06,98.5,29,16273
2022-08-25T20:52:07,98.5,13.5,16273
2022-08-25T20:52:08,98.5,13.5,16273
2022-08-25T20:52:09,98.5,13.5,16273
2022-08-25T20:52:10,98.5,14,16273
2022-08-25T20:52:11,99,13.5,16273
2022-08-25T20:52:12,99,13.5,16273
2022-08-25T20:52:13,99,14,16273
2022-08-25T20:52:14,99,13.5,16273
2022-08-25T20:52:15,99,13.5,16273
2022-08-25T20:52:16,99,13.5,16273
2022-08-25T20:52:17,99,13.5,16273
2022-08-25T20:52:18,81,10,16273
2022-08-25T20:52:19,59.5,9,16273
2022-08-25T20:52:20,55,12,16273
2022-08-25T20:52:21,65,15.5,16273
2022-08-25T20:52:22,56,10,16273
2022-08-25T20:52:23,56,10.5,16273
2022-08-25T20:52:25,60,7,16273
2022-08-25T20:52:26,45,11.5,16273
2022-08-25T20:52:27,53.5,14.5,16273
2022-08-25T20:52:28,49.5,8,16273
2022-08-25T20:52:29,40.5,9,16273
2022-08-25T20:52:30,71.5,17.5,16273
2022-08-25T20:52:31,40.5,2,16273
2022-08-25T20:52:32,66,15,16273
2022-08-25T20:52:33,41.5,7,16273
2022-08-25T20:52:34,56,13,16273
2022-08-25T20:52:35,43,9.5,16273
2022-08-25T20:52:36,51,12.5,16273
2022-08-25T20:52:37,60.5,10.5,16273
2022-08-25T20:52:38,52.5,10,16273
2022-08-25T20:52:39,70.5,13.5,16273
2022-08-25T20:52:40,48.5,8.5,16273
2022-08-25T20:52:41,44,10.5,16273
2022-08-25T20:52:42,51,12.5,16273
2022-08-25T20:52:43,48.5,12,16273
2022-08-25T20:52:44,49,11.5,16273
2022-08-25T20:52:45,59,13.5,16273
2022-08-25T20:52:47,59,12.5,16273
2022-08-25T20:52:48,64,13.5,16273
2022-08-25T20:52:49,60.5,15,16273
2022-08-25T20:52:50,53.5,13.5,16273
2022-08-25T20:52:51,53.5,11,16273
2022-08-25T20:52:52,59.5,14,16273
2022-08-25T20:52:53,41.5,9.5,16273
2022-08-25T20:52:54,57.5,14.5,16273
2022-08-25T20:52:55,70,12.5,16273
2022-08-25T20:52:56,51,6.5,16273
2022-08-25T20:52:57,58.5,13.5,16273
2022-08-25T20:52:58,69,17,16273
2022-08-25T20:52:59,60,13,16273
2022-08-25T20:53:00,46,11.5,16273
2022-08-25T20:53:01,55.5,14.5,16273
2022-08-25T20:53:02,61,11.5,16273
2022-08-25T20:53:03,48.5,9,16273
2022-08-25T20:53:04,49,11,16273
2022-08-25T20:53:05,52.5,11.5,16273
2022-08-25T20:53:06,72,16,16273
2022-08-25T20:53:07,70,16,16273
2022-08-25T20:53:09,57,7.5,16273
2022-08-25T20:53:10,43.5,11,16273
2022-08-25T20:53:11,64.5,16.5,16273
2022-08-25T20:53:12,54.5,7.5,16273
2022-08-25T20:53:13,48,12,16273
2022-08-25T20:53:14,64,13.5,16273
2022-08-25T20:53:15,56.5,14,16273
2022-08-25T20:53:16,47.5,11,16273
2022-08-25T20:53:17,54.5,13.5,16273
2022-08-25T20:53:18,47.5,11,16273
2022-08-25T20:53:19,57,13.5,16273
2022-08-25T20:53:20,43,6,16273
2022-08-25T20:53:21,56,12,16273
2022-08-25T20:53:22,72.5,11,16273
2022-08-25T20:53:23,66.5,13.5,16273
2022-08-25T20:53:24,59,13.5,16273
2022-08-25T20:53:25,44,8.5,16273
2022-08-25T20:53:26,57.5,13,16273
2022-08-25T20:53:27,62.5,12.5,16273
2022-08-25T20:53:28,67.5,13.5,16273
2022-08-25T20:53:30,43,6,16273
2022-08-25T20:53:31,32,9,16273
2022-08-25T20:53:32,73.5,12.5,16273
2022-08-25T20:53:33,60.5,9,16273
2022-08-25T20:53:34,58.5,11,16273
2022-08-25T20:53:35,54.5,11,16273
2022-08-25T20:53:36,68.5,14.5,16273
2022-08-25T20:53:37,48,10.5,16273
2022-08-25T20:53:38,49.5,11.5,16273
2022-08-25T20:53:39,55.5,12.5,16273
2022-08-25T20:53:40,64,15,16273
2022-08-25T20:53:41,66,10,16273
2022-08-25T20:53:42,55,10,16273
2022-08-25T20:53:43,58.5,14,16273
2022-08-25T20:53:44,61.5,12.5,16273
2022-08-25T20:53:45,66,15,16273
2022-08-25T20:53:46,57.5,13,16273
2022-08-25T20:53:47,62,13,16273
2022-08-25T20:53:48,65.5,13,16273
2022-08-25T20:53:49,58,14.5,16273
2022-08-25T20:53:51,70,11,16273
2022-08-25T20:53:52,48,12,16273
2022-08-25T20:53:53,46,7,16273
2022-08-25T20:53:54,46.5,12.5,16273
2022-08-25T20:53:55,42.5,11.5,16273
2022-08-25T20:53:56,68,13.5,16273
2022-08-25T20:53:57,52,10,16273
2022-08-25T20:53:58,70.5,12,16273
2022-08-25T20:53:59,44.5,7,16273
2022-08-25T20:54:00,54,10,16273
2022-08-25T20:54:01,43.5,7.5,16273
2022-08-25T20:54:02,63.5,15.5,16273
2022-08-25T20:54:03,71.5,13.5,16273
2022-08-25T20:54:04,61,11,16273
2022-08-25T20:54:05,50.5,10.5,16273
2022-08-25T20:54:06,68,14.5,16273
2022-08-25T20:54:07,61.5,7,16273
2022-08-25T20:54:08,51,10,16273
2022-08-25T20:54:09,55.5,14.5,16273
2022-08-25T20:54:10,53.5,12,16273
2022-08-25T20:54:11,64,14,16273
2022-08-25T20:54:13,59,16,16273
2022-08-25T20:54:14,44,10.5,16273
2022-08-25T20:54:15,71,16.5,16273
2022-08-25T20:54:16,70.5,12.5,16273
2022-08-25T20:54:17,44,7,16273
2022-08-25T20:54:18,62.5,16,16273
2022-08-25T20:54:19,53.5,12.5,16273
2022-08-25T20:54:20,47.5,11.5,16273
2022-08-25T20:54:21,42.5,11,16273
2022-08-25T20:54:22,50,13,16273
2022-08-25T20:54:23,69.5,12.5,16273
2022-08-25T20:54:24,50.5,11,16273
2022-08-25T20:54:25,58.5,14.5,16273
2022-08-25T20:54:26,67,13.5,16273
2022-08-25T20:54:27,70,15,16273
2022-08-25T20:54:28,90,23.5,16273
2022-08-25T20:54:29,99,27.5,16273
2022-08-25T20:54:30,99,27.5,16273
2022-08-25T20:54:31,99,27,16273
2022-08-25T20:54:32,99,27,16273
2022-08-25T20:54:34,99,27,16273
2022-08-25T20:54:35,99,27,16273
2022-08-25T20:54:36,98.5,27.5,16273
2022-08-25T20:54:37,98,27.5,16273
2022-08-25T20:54:38,98,27.5,16273
2022-08-25T20:54:39,98,27,16273
2022-08-25T20:54:40,99,27.5,16273
2022-08-25T20:54:41,98.5,27,16273
2022-08-25T20:54:42,92.5,27,16273
2022-08-25T20:54:43,90,26,16273
2022-08-25T20:54:44,99,27,16273
2022-08-25T20:54:45,99,27,16273
2022-08-25T20:54:46,92.5,25.5,16273
2022-08-25T20:54:47,92.5,26.5,16273
2022-08-25T20:54:48,92.5,26,16273
2022-08-25T20:54:49,99,27,16273
2022-08-25T20:54:50,99,27,16273
2022-08-25T20:54:51,99,27.5,16273
2022-08-25T20:54:52,99,27,16273
2022-08-25T20:54:53,93.5,26,16273
2022-08-25T20:54:55,99,27.5,16273
2022-08-25T20:54:56,89.5,25.5,16273
2022-08-25T20:54:57,98.5,27,16273
2022-08-25T20:54:58,98.5,27,16273
2022-08-25T20:54:59,98,27,16273
2022-08-25T20:55:00,98,27,16273
2022-08-25T20:55:01,99,27,16273
2022-08-25T20:55:02,99,27,16273
2022-08-25T20:55:03,99,27,16273
2022-08-25T20:55:04,92,26.5,16273
2022-08-25T20:55:05,98.5,27,16273
2022-08-25T20:55:06,98.5,27,16273
2022-08-25T20:55:07,99,27,16273
2022-08-25T20:55:08,99,27,16273
2022-08-25T20:55:09,99,27,16273
2022-08-25T20:55:10,87,24,16273
2022-08-25T20:55:11,82.5,23,16273
2022-08-25T20:55:12,92.5,26,16273
2022-08-25T20:55:13,99,27,16273
2022-08-25T20:55:15,99,27.5,16273
2022-08-25T20:55:16,98,27,16273
2022-08-25T20:55:17,98,27,16273
2022-08-25T20:55:18,98,27,16273
2022-08-25T20:55:19,98,27.5,16273
2022-08-25T20:55:20,91.5,25.5,16273
2022-08-25T20:55:21,99,27,16273
2022-08-25T20:55:22,98.5,27,16273
2022-08-25T20:55:23,99,27,16273
2022-08-25T20:55:24,99,27,16273
2022-08-25T20:55:25,99,27,16273
2022-08-25T20:55:26,99,27,16273
2022-08-25T20:55:27,89.5,25,16273
2022-08-25T20:55:28,92.5,25,16273
2022-08-25T20:55:29,99,27,16273
2022-08-25T20:55:30,99,27,16273
2022-08-25T20:55:31,99,27.5,16273
2022-08-25T20:55:32,95,27,16273
2022-08-25T20:55:33,95,27,16273
2022-08-25T20:55:35,98.5,27.5,16273
2022-08-25T20:55:36,98.5,27.5,16273
2022-08-25T20:55:37,97,28,16273
2022-08-25T20:55:38,88,24.5,16273
2022-08-25T20:55:39,99,27,16273
2022-08-25T20:55:40,99,27.5,16273
2022-08-25T20:55:41,99,27,16273
2022-08-25T20:55:42,99,27,16273
2022-08-25T20:55:43,99,27,16273
2022-08-25T20:55:44,89,25.5,16273
2022-08-25T20:55:45,99,27,16273
2022-08-25T20:55:46,99,27,16273
2022-08-25T20:55:47,92,26,16273
2022-08-25T20:55:48,93.5,25.5,16273
2022-08-25T20:55:49,99,27,16273
2022-08-25T20:55:50,99,27,16273
2022-08-25T20:55:51,99,27,16273
2022-08-25T20:55:52,99,27.5,16273
2022-08-25T20:55:53,99,27,16273
2022-08-25T20:55:54,96,27,16273
2022-08-25T20:55:56,95.5,27,16273
2022-08-25T20:55:57,98.5,27,16273
2022-08-25T20:55:58,98.5,16,16273
2022-08-25T20:55:59,93,13.5,16273
2022-08-25T20:56:00,91.5,12.5,16273
2022-08-25T20:56:01,99,13.5,16273
2022-08-25T20:56:02,99,13.5,16273
2022-08-25T20:56:03,99,13.5,16273
2022-08-25T20:56:04,99,13.5,16273
2022-08-25T20:56:05,99,13.5,16273
2022-08-25T20:56:06,99,13.5,16273
2022-08-25T20:56:07,95.5,13.5,16273
2022-08-25T20:56:08,99,13.5,16273
2022-08-25T20:56:09,87.5,11,16273
2022-08-25T20:56:10,58.5,5.5,16273
2022-08-25T20:56:11,48.5,10,16273
2022-08-25T20:56:12,58.5,12,16273
2022-08-25T20:56:13,48.5,9.5,16273
2022-08-25T20:56:14,58,14.5,16273
2022-08-25T20:56:15,67.5,12.5,16273
2022-08-25T20:56:17,45,4.5,16273
2022-08-25T20:56:18,68,12.5,16273
2022-08-25T20:56:19,65,16,16273
2022-08-25T20:56:20,46,4.5,16273
2022-08-25T20:56:21,67.5,17,16273
2022-08-25T20:56:22,37,0,16273
2022-08-25T20:56:23,52,13.5,16273
2022-08-25T20:56:24,56,14.5,16273
2022-08-25T20:56:25,66,10.5,16273
2022-08-25T20:56:26,53,10,16273
2022-08-25T20:56:27,62.5,16,16273
2022-08-25T20:56:28,67,12.5,16273
2022-08-25T20:56:29,41,6,16273
2022-08-25T20:56:30,47.5,12,16273
2022-08-25T20:56:31,75,15,16273
2022-08-25T20:56:32,55.5,9.5,16273
2022-08-25T20:56:33,50,11.5,16273
2022-08-25T20:56:34,63,12.5,16273
2022-08-25T20:56:35,56.5,9.5,16273
2022-08-25T20:56:36,55,13,16273
2022-08-25T20:56:38,43,10,16273
2022-08-25T20:56:39,65,8.5,16273
2022-08-25T20:56:40,49.5,12,16273
2022-08-25T20:56:41,63,15.5,16273
2022-08-25T20:56:42,43,8.5,16273
2022-08-25T20:56:43,73,15,16273
2022-08-25T20:56:44,56.5,6,16273
2022-08-25T20:56:45,71,16,16273
2022-08-25T20:56:46,67.5,11,16273
2022-08-25T20:56:47,63,13,16273
2022-08-25T20:56:48,50,8,16273
2022-08-25T20:56:49,64.5,13,16273
2022-08-25T20:56:50,48,10,16273
2022-08-25T20:56:51,54.5,13.5,16273
2022-08-25T20:56:52,55,12.5,16273
2022-08-25T20:56:53,54.5,12,16273
2022-08-25T20:56:54,60.5,15,16273
2022-08-25T20:56:55,59.5,14.5,16273
2022-08-25T20:56:56,51,11,16273
2022-08-25T20:56:57,56.5,12,16273
2022-08-25T20:56:59,73.5,9.5,16273
2022-08-25T20:57:00,60.5,15.5,16273
2022-08-25T20:57:01,40.5,5.5,16273
2022-08-25T20:57:02,34,9,16273
2022-08-25T20:57:03,59,15.5,16273
2022-08-25T20:57:04,73,11,16273
2022-08-25T20:57:05,62,15,16273
2022-08-25T20:57:06,59.5,10.5,16273
2022-08-25T20:57:07,57,13.5,16273
2022-08-25T20:57:08,61,15,16273
2022-08-25T20:57:09,67,16.5,16273
2022-08-25T20:57:10,61.5,12.5,16273
2022-08-25T20:57:11,55.5,13,16273
2022-08-25T20:57:12,67.5,15.5,16273
2022-08-25T20:57:13,56,10,16273
2022-08-25T20:57:14,50.5,10.5,16273
2022-08-25T20:57:15,63.5,16,16273
2022-08-25T20:57:16,52,12,16273
2022-08-25T20:57:17,60,12.5,16273
2022-08-25T20:57:18,58,10,16273
2022-08-25T20:57:20,65,13,16273
2022-08-25T20:57:21,52.5,11.5,16273
2022-08-25T20:57:22,59.5,10,16273
2022-08-25T20:57:23,55,14,16273
2022-08-25T20:57:24,41.5,7,16273
2022-08-25T20:57:25,57,15,16273
2022-08-25T20:57:26,51.5,11.5,16273
2022-08-25T20:57:27,65,14.5,16273
2022-08-25T20:57:28,71,12,16273
2022-08-25T20:57:29,53,11,16273
2022-08-25T20:57:30,66.5,17,16273
2022-08-25T20:57:31,57.5,13.5,16273
2022-08-25T20:57:32,62,13,16273
2022-08-25T20:57:33,54.5,12,16273
2022-08-25T20:57:34,59.5,12,16273
2022-08-25T20:57:35,44,8.5,16273
2022-08-25T20:57:36,57,14.5,16273
2022-08-25T20:57:37,78.5,15,16273
2022-08-25T20:57:38,58,8.5,16273
2022-08-25T20:57:40,61,15,16273
2022-08-25T20:57:41,55,11.5,16273
2022-08-25T20:57:42,58,14.5,16273
2022-08-25T20:57:43,76,12.5,16273
2022-08-25T20:57:44,37.5,4,16273
2022-08-25T20:57:45,64,17,16273
2022-08-25T20:57:46,70.5,14,16273
2022-08-25T20:57:47,61,13,16273
2022-08-25T20:57:48,60.5,14,16273
2022-08-25T20:57:49,55.5,14,16273
2022-08-25T20:57:50,69.5,15.5,16273
2022-08-25T20:57:51,75,17,16273
2022-08-25T20:57:52,61,11.5,16273
2022-08-25T20:57:53,48,9.5,16273
2022-08-25T20:57:54,53.5,13.5,16273
2022-08-25T20:57:55,47.5,11,16273
2022-08-25T20:57:56,67.5,13.5,16273
2022-08-25T20:57:57,60.5,9.5,16273
2022-08-25T20:57:58,51.5,12,16273
2022-08-25T20:57:59,52.5,12.5,16273
2022-08-25T20:58:01,66,16,16273
2022-08-25T20:58:02,73,13.5,16273
2022-08-25T20:58:03,47.5,9.5,16273
2022-08-25T20:58:04,61.5,11,16273
2022-08-25T20:58:05,42,9.5,16273
2022-08-25T20:58:06,55,14.5,16273
2022-08-25T20:58:07,80.5,13.5,16273
2022-08-25T20:58:08,44,6,16273
2022-08-25T20:58:09,56,13.5,16273
2022-08-25T20:58:10,67,13.5,16273
2022-08-25T20:58:11,60.5,12.5,16273
2022-08-25T20:58:12,65.5,16.5,16273
2022-08-25T20:58:13,64,13,16273
2022-08-25T20:58:14,48,4.5,16273
2022-08-25T20:58:15,50.5,11,16273
2022-08-25T20:58:16,67.5,16,16273
2022-08-25T20:58:17,82,21.5,16273
2022-08-25T20:58:18,93,25.5,16273
2022-08-25T20:58:19,99,27,16273
2022-08-25T20:58:20,99,27,16273
2022-08-25T20:58:22,98.5,27.5,16273
2022-08-25T20:58:23,98.5,27,16273
2022-08-25T20:58:24,94.5,27.5,16273
2022-08-25T20:58:25,98,27,16273
2022-08-25T20:58:26,90.5,25,16273
2022-08-25T20:58:27,84,25,16273
2022-08-25T20:58:28,98.5,27,16273
2022-08-25T20:58:29,99,27,16273
2022-08-25T20:58:30,99,27,16273
2022-08-25T20:58:31,99,27.5,16273
2022-08-25T20:58:32,94,26,16273
2022-08-25T20:58:33,99,27,16273
2022-08-25T20:58:34,88.5,25.5,16273
2022-08-25T20:58:35,94,26,16273
2022-08-25T20:58:36,99,27.5,16273
2022-08-25T20:58:37,90,25,16273
2022-08-25T20:58:38,94.5,26,16273
2022-08-25T20:58:39,99,27,16273
2022-08-25T20:58:40,99,27,16273
2022-08-25T20:58:41,99,27,16273
2022-08-25T20:58:43,99,27,16273
2022-08-25T20:58:44,99,27.5,16273
2022-08-25T20:58:45,98.5,27.5,16273
2022-08-25T20:58:46,98,28,16273
2022-08-25T20:58:47,98,27,16273
2022-08-25T20:58:48,98.5,27,16273
2022-08-25T20:58:49,98.5,28.5,16273
2022-08-25T20:58:50,91,26.5,16273
2022-08-25T20:58:51,99,27,16273
2022-08-25T20:58:52,90.5,26.5,16273
2022-08-25T20:58:53,86,24.5,16273
2022-08-25T20:58:54,99,27,16273
2022-08-25T20:58:55,99,27,16273
2022-08-25T20:58:56,99,27,16273
2022-08-25T20:58:57,91,25.5,16273
2022-08-25T20:58:58,91,25.5,16273
2022-08-25T20:58:59,99,27,16273
2022-08-25T20:59:00,99,27.5,16273
2022-08-25T20:59:01,99,27,16273
2022-08-25T20:59:03,99,27,16273
2022-08-25T20:59:04,99,27,16273
2022-08-25T20:59:05,98.5,27,16273
2022-08-25T20:59:06,98,27,16273
2022-08-25T20:59:07,98,27.5,16273
2022-08-25T20:59:08,98,27,16273
2022-08-25T20:59:09,99,27.5,16273
2022-08-25T20:59:10,99,27,16273
2022-08-25T20:59:11,99,27,16273
2022-08-25T20:59:12,99,27.5,16273
2022-08-25T20:59:13,92,26,16273
2022-08-25T20:59:14,94,27.5,16273
2022-08-25T20:59:15,94,27.5,16273
2022-08-25T20:59:16,99,27,16273
2022-08-25T20:59:17,99,27,16273
2022-08-25T20:59:18,99,27.5,16273
2022-08-25T20:59:19,92,25.5,16273
2022-08-25T20:59:20,92.5,26,16273
2022-08-25T20:59:21,99,27.5,16273
2022-08-25T20:59:22,94,26,16273
2022-08-25T20:59:24,99,27,16273
2022-08-25T20:59:25,98.5,27,16273
2022-08-25T20:59:26,98.5,27,16273
2022-08-25T20:59:27,98,27,16273
2022-08-25T20:59:28,98,27.5,16273
2022-08-25T20:59:29,94.5,27.5,16273
2022-08-25T20:59:30,90,26.5,16273
2022-08-25T20:59:31,92.5,26,16273
2022-08-25T20:59:32,91.5,25.5,16273
2022-08-25T20:59:33,99,27,16273
2022-08-25T20:59:34,92,25.5,16273
2022-08-25T20:59:35,89.5,25,16273
2022-08-25T20:59:36,99,27,16273
2022-08-25T20:59:37,99,27,16273
2022-08-25T20:59:38,99,27,16273
2022-08-25T20:59:39,92,26,16273
2022-08-25T20:59:40,94.5,26,16273
2022-08-25T20:59:41,99,27,16273
2022-08-25T20:59:42,99,27,16273
2022-08-25T20:59:43,99,27.5,16273
2022-08-25T20:59:45,99,27,16273
2022-08-25T20:59:46,99,27.5,16273
2022-08-25T20:59:47,98.5,23,16273
2022-08-25T20:59:48,98.5,13.5,16273
2022-08-25T20:59:49,98.5,13.5,16273
2022-08-25T20:59:50,98.5,13.5,16273
2022-08-25T20:59:51,93,13.5,16273
2022-08-25T20:59:52,94.5,12.5,16273
2022-08-25T20:59:53,99,13.5,16273
2022-08-25T20:59:54,99,13.5,16273
2022-08-25T20:59:55,99,13.5,16273
2022-08-25T20:59:56,99,13.5,16273
2022-08-25T20:59:57,99,13.5,16273
2022-08-25T20:59:58,99,13.5,16273
2022-08-25T20:59:59,72.5,7,16273
2022-08-25T21:00:00,47.5,6,16273
2022-08-25T21:00:01,55.5,12.5,16273
2022-08-25T21:00:02,56.5,12.5,16273
2022-08-25T21:00:03,62,13,16273
2022-08-25T21:00:04,57,11,16273
2022-08-25T21:00:05,52.5,10.5,16273
2022-08-25T21:00:07,49.5,13,16273
2022-08-25T21:00:08,37,7.5,16273
2022-08-25T21:00:09,60,13.5,16273
2022-08-25T21:00:10,47.5,9.5,16273
2022-08-25T21:00:11,55,13,16273
2022-08-25T21:00:12,62.5,11,16273
2022-08-25T21:00:13,51,13.5,16273
2022-08-25T21:00:14,72,13.5,16273
2022-08-25T21:00:15,43,2,16273
2022-08-25T21:00:16,60.5,13.5,16273
2022-08-25T21:00:17,57,13,16273
2022-08-25T21:00:18,58.5,13,16273
2022-08-25T21:00:19,50,12.5,16273
2022-08-25T21:00:20,47.5,11.5,16273
2022-08-25T21:00:21,60.5,14,16273
2022-08-25T21:00:22,64.5,12.5,16273
2022-08-25T21:00:23,62,13.5,16273
2022-08-25T21:00:24,62,12,16273
2022-08-25T21:00:25,42,8,16273
2022-08-25T21:00:26,45.5,11.5,16273
2022-08-25T21:00:27,61.5,13.5,16273
2022-08-25T21:00:29,47,6.5,16273
2022-08-25T21:00:30,63.5,11.5,16273
2022-08-25T21:00:31,43,8,16273
2022-08-25T21:00:32,56.5,14,16273
2022-08-25T21:00:33,3,0,16155
